entry_time,exit_time,entry_price,exit_price,side,quantity,position_value,stop_loss,take_profit,pnl_pct,pnl_usd,result,symbol,timeframe,strategy_name,signal_id,pattern_type,commission,slippage,bars_held,metadata
2021-02-06T20:00:00+00:00,2021-02-08T12:00:00+00:00,40975.987755,44779.08461446429,LONG,0.02440453677356386,1000.0,37109.53464285714,44801.48535714286,9.081281716022152,90.81281716022153,WIN,BTCUSDT,4h,QML_ATR_v2.0.0,d1980b2c,QML_BULLISH,0.1,0.0,,"{'head_price': np.float64(38600.0), 'head_time': '2021-02-06 04:00:00+00:00', 'head_bar_index': 198, 'left_shoulder_price': np.float64(39666.0), 'left_shoulder_time': '2021-02-06 00:00:00+00:00', 'right_shoulder_price': np.float64(40955.51), 'right_shoulder_time': '2021-02-06 16:00:00+00:00', 'head_depth_atr': np.float64(1.0728192992457046), 'shoulder_diff_pct': np.float64(3.25), 'detector_version': '2.0.0', 'detection_method': 'atr_directional_change', 'exit_reason': 'take_profit'}"
2021-02-09T08:00:00+00:00,2021-02-20T12:00:00+00:00,48166.261095,56658.22528714286,LONG,0.020949960797782826,1009.0812817160222,39597.81142857143,56686.56857142857,17.43052393747951,175.88815435813632,WIN,BTCUSDT,4h,QML_ATR_v2.0.0,97f5b64a,QML_BULLISH,0.1,0.0,,"{'head_price': np.float64(42521.62), 'head_time': '2021-02-08 16:00:00+00:00', 'head_bar_index': 213, 'left_shoulder_price': np.float64(44918.0), 'left_shoulder_time': '2021-02-08 12:00:00+00:00', 'right_shoulder_price': np.float64(48142.19), 'right_shoulder_time': '2021-02-09 04:00:00+00:00', 'head_depth_atr': np.float64(1.229413592642863), 'shoulder_diff_pct': np.float64(7.18), 'detector_version': '2.0.0', 'detection_method': 'atr_directional_change', 'exit_reason': 'take_profit'}"
2021-02-20T16:00:00+00:00,2021-02-22T12:00:00+00:00,57729.310229999995,53011.716596428574,LONG,0.017784208629229553,1026.6700971518358,53038.235714285714,62362.684285714284,-8.371921013391642,-85.95200960166292,LOSS,BTCUSDT,4h,QML_ATR_v2.0.0,405e2c33,QML_BULLISH,0.1,0.0,,"{'head_price': np.float64(55030.0), 'head_time': '2021-02-20 08:00:00+00:00', 'head_bar_index': 283, 'left_shoulder_price': np.float64(56609.14), 'left_shoulder_time': '2021-02-20 00:00:00+00:00', 'right_shoulder_price': np.float64(57700.46), 'right_shoulder_time': '2021-02-20 12:00:00+00:00', 'head_depth_atr': np.float64(1.189252170545138), 'shoulder_diff_pct': np.float64(1.93), 'detector_version': '2.0.0', 'detection_method': 'atr_directional_change', 'exit_reason': 'stop_loss'}"
2021-02-23T12:00:00+00:00,2021-03-13T08:00:00+00:00,44870.11372,59234.19836946429,SHORT,0.022689376330639475,1018.0748961916696,59204.596071428576,30580.52392857142,-32.21258802039045,-327.94827204924024,LOSS,BTCUSDT,4h,QML_ATR_v2.0.0,43b9b46f,QML_BEARISH,0.1,0.0,,"{'head_price': np.float64(54989.46), 'head_time': '2021-02-22 20:00:00+00:00', 'head_bar_index': 298, 'left_shoulder_price': np.float64(47622.0), 'left_shoulder_time': '2021-02-22 12:00:00+00:00', 'right_shoulder_price': np.float64(44892.56), 'right_shoulder_time': '2021-02-23 08:00:00+00:00', 'head_depth_atr': np.float64(2.621787247844311), 'shoulder_diff_pct': np.float64(5.73), 'detector_version': '2.0.0', 'detection_method': 'atr_directional_change', 'exit_reason': 'stop_loss'}"
2021-03-13T08:00:00+00:00,2021-03-13T12:00:00+00:00,56050.190885,60088.686828750004,SHORT,0.01757853190916471,985.2800689867456,60058.6575,52097.802500000005,-7.405142177010447,-72.96138995021514,LOSS,BTCUSDT,4h,QML_ATR_v2.0.0,d19c5d2b,QML_BEARISH,0.1,0.0,,"{'head_price': np.float64(57768.0), 'head_time': '2021-03-12 16:00:00+00:00', 'head_bar_index': 405, 'left_shoulder_price': np.float64(54962.84), 'left_shoulder_time': '2021-03-12 12:00:00+00:00', 'right_shoulder_price': np.float64(56078.23), 'right_shoulder_time': '2021-03-13 00:00:00+00:00', 'head_depth_atr': np.float64(1.8369136372417105), 'shoulder_diff_pct': np.float64(2.03), 'detector_version': '2.0.0', 'detection_method': 'atr_directional_change', 'exit_reason': 'stop_loss'}"
2021-03-14T08:00:00+00:00,2021-03-16T00:00:00+00:00,61874.922,53906.36726160715,LONG,0.015805820813668648,977.9839299917242,53933.33392857143,69754.66607142857,-13.078488539173996,-127.90551619893108,LOSS,BTCUSDT,4h,QML_ATR_v2.0.0,c330bab4,QML_BULLISH,0.1,0.0,,"{'head_price': np.float64(56078.23), 'head_time': '2021-03-13 00:00:00+00:00', 'head_bar_index': 407, 'left_shoulder_price': np.float64(57768.0), 'left_shoulder_time': '2021-03-12 16:00:00+00:00', 'right_shoulder_price': np.float64(61844.0), 'right_shoulder_time': '2021-03-13 20:00:00+00:00', 'head_depth_atr': np.float64(1.1817145985594686), 'shoulder_diff_pct': np.float64(7.06), 'detector_version': '2.0.0', 'detection_method': 'atr_directional_change', 'exit_reason': 'stop_loss'}"
2021-03-16T04:00:00+00:00,2021-04-02T00:00:00+00:00,53244.70432999999,60169.571536607145,SHORT,0.018127500011827582,965.193378371831,60139.50178571429,46403.178214285705,-13.20573886876752,-127.46091712641925,LOSS,BTCUSDT,4h,QML_ATR_v2.0.0,e0564798,QML_BEARISH,0.1,0.0,,"{'head_price': np.float64(57312.47), 'head_time': '2021-03-15 12:00:00+00:00', 'head_bar_index': 422, 'left_shoulder_price': np.float64(54600.0), 'left_shoulder_time': '2021-03-15 08:00:00+00:00', 'right_shoulder_price': np.float64(53271.34), 'right_shoulder_time': '2021-03-16 00:00:00+00:00', 'head_depth_atr': np.float64(1.4392144511993847), 'shoulder_diff_pct': np.float64(2.43), 'detector_version': '2.0.0', 'detection_method': 'atr_directional_change', 'exit_reason': 'stop_loss'}"
2021-04-02T12:00:00+00:00,2021-04-07T08:00:00+00:00,60230.1,56354.056019285716,LONG,0.015813476760941608,952.4472866591891,56382.247142857144,64017.752857142856,-6.635393566861558,-63.1986259867313,LOSS,BTCUSDT,4h,QML_ATR_v2.0.0,6659b81b,QML_BULLISH,0.1,0.0,,"{'head_price': np.float64(57935.45), 'head_time': '2021-04-01 16:00:00+00:00', 'head_bar_index': 525, 'left_shoulder_price': np.float64(59263.3), 'left_shoulder_time': '2021-04-01 12:00:00+00:00', 'right_shoulder_price': np.float64(60200.0), 'right_shoulder_time': '2021-04-02 00:00:00+00:00', 'head_depth_atr': np.float64(1.2823662993151541), 'shoulder_diff_pct': np.float64(1.58), 'detector_version': '2.0.0', 'detection_method': 'atr_directional_change', 'exit_reason': 'stop_loss'}"
2021-04-07T08:00:00+00:00,2021-04-07T16:00:00+00:00,58684.3275,55576.51569821429,LONG,0.016122318587710082,946.1274240605159,55604.31785714286,61705.68214285714,-5.495812245246761,-51.99738682715557,LOSS,BTCUSDT,4h,QML_ATR_v2.0.0,f82e8601,QML_BULLISH,0.1,0.0,,"{'head_price': np.float64(57161.86), 'head_time': '2021-04-07 00:00:00+00:00', 'head_bar_index': 557, 'left_shoulder_price': np.float64(58311.91), 'left_shoulder_time': '2021-04-06 20:00:00+00:00', 'right_shoulder_price': np.float64(58655.0), 'right_shoulder_time': '2021-04-07 04:00:00+00:00', 'head_depth_atr': np.float64(1.1075623269079184), 'shoulder_diff_pct': np.float64(0.59), 'detector_version': '2.0.0', 'detection_method': 'atr_directional_change', 'exit_reason': 'stop_loss'}"
2021-04-07T20:00:00+00:00,2021-04-10T04:00:00+00:00,55445.2635,60265.5327075,SHORT,0.01697038892019695,940.9276853778003,60235.415,50710.585,-8.893743889412665,-83.68369852208015,LOSS,BTCUSDT,4h,QML_ATR_v2.0.0,d4a7884e,QML_BEARISH,0.1,0.0,,"{'head_price': np.float64(58655.0), 'head_time': '2021-04-07 04:00:00+00:00', 'head_bar_index': 558, 'left_shoulder_price': np.float64(57161.86), 'left_shoulder_time': '2021-04-07 00:00:00+00:00', 'right_shoulder_price': np.float64(55473.0), 'right_shoulder_time': '2021-04-07 16:00:00+00:00', 'head_depth_atr': np.float64(1.4171657444405412), 'shoulder_diff_pct': np.float64(2.95), 'detector_version': '2.0.0', 'detection_method': 'atr_directional_change', 'exit_reason': 'stop_loss'}"
2021-04-10T08:00:00+00:00,2021-04-18T00:00:00+00:00,61530.75,56394.16024285714,LONG,0.015155988112051167,932.5593155255924,56422.37142857143,66577.62857142856,-8.548004464666622,-79.71521192679214,LOSS,BTCUSDT,4h,QML_ATR_v2.0.0,004ec291,QML_BULLISH,0.1,0.0,,"{'head_price': np.float64(57870.57), 'head_time': '2021-04-09 16:00:00+00:00', 'head_bar_index': 573, 'left_shoulder_price': np.float64(58894.9), 'left_shoulder_time': '2021-04-09 08:00:00+00:00', 'right_shoulder_price': np.float64(61500.0), 'right_shoulder_time': '2021-04-10 04:00:00+00:00', 'head_depth_atr': np.float64(1.0609698354310153), 'shoulder_diff_pct': np.float64(4.42), 'detector_version': '2.0.0', 'detection_method': 'atr_directional_change', 'exit_reason': 'stop_loss'}"
2021-04-18T00:00:00+00:00,2021-04-18T04:00:00+00:00,60985.4775,56899.29754785715,LONG,0.015160786341845289,924.5877943329132,56927.76142857144,64982.23857142856,-6.900250813224915,-63.79887679743514,LOSS,BTCUSDT,4h,QML_ATR_v2.0.0,f6d2f893,QML_BULLISH,0.1,0.0,,"{'head_price': np.float64(59580.91), 'head_time': '2021-04-17 16:00:00+00:00', 'head_bar_index': 621, 'left_shoulder_price': np.float64(62506.05), 'left_shoulder_time': '2021-04-17 00:00:00+00:00', 'right_shoulder_price': np.float64(60955.0), 'right_shoulder_time': '2021-04-17 20:00:00+00:00', 'head_depth_atr': np.float64(1.6537747064942792), 'shoulder_diff_pct': np.float64(2.48), 'detector_version': '2.0.0', 'detection_method': 'atr_directional_change', 'exit_reason': 'stop_loss'}"
2021-04-18T12:00:00+00:00,2021-05-13T00:00:00+00:00,53038.12767,46436.60026821429,SHORT,0.017312223243742753,918.2079066531696,59715.92642857143,46413.393571428576,12.246758005599311,112.45070031609289,WIN,BTCUSDT,4h,QML_ATR_v2.0.0,c78b78a1,QML_BEARISH,0.1,0.0,,"{'head_price': np.float64(56527.04), 'head_time': '2021-04-18 04:00:00+00:00', 'head_bar_index': 624, 'left_shoulder_price': np.float64(50931.3), 'left_shoulder_time': '2021-04-18 00:00:00+00:00', 'right_shoulder_price': np.float64(53064.66), 'right_shoulder_time': '2021-04-18 08:00:00+00:00', 'head_depth_atr': np.float64(2.632144539484339), 'shoulder_diff_pct': np.float64(4.19), 'detector_version': '2.0.0', 'detection_method': 'atr_directional_change', 'exit_reason': 'take_profit'}"
2021-05-13T12:00:00+00:00,2021-05-17T04:00:00+00:00,48432.89144,42592.14257142857,SHORT,0.01919053248836508,929.452976684779,54343.38285714286,42570.857142857145,11.859467636383236,110.22817496533199,WIN,BTCUSDT,4h,QML_ATR_v2.0.0,e20700ab,QML_BEARISH,0.1,0.0,,"{'head_price': np.float64(51367.19), 'head_time': '2021-05-13 04:00:00+00:00', 'head_bar_index': 774, 'left_shoulder_price': np.float64(46000.0), 'left_shoulder_time': '2021-05-13 00:00:00+00:00', 'right_shoulder_price': np.float64(48457.12), 'right_shoulder_time': '2021-05-13 08:00:00+00:00', 'head_depth_atr': np.float64(2.705061595950725), 'shoulder_diff_pct': np.float64(5.34), 'detector_version': '2.0.0', 'detection_method': 'atr_directional_change', 'exit_reason': 'take_profit'}"
2021-05-17T08:00:00+00:00,2021-05-19T12:00:00+00:00,42175.871515,31437.828201428576,SHORT,0.02229890599526387,940.4757941813122,52971.822857142855,31422.117142857147,25.260157497284677,237.5656668340383,WIN,BTCUSDT,4h,QML_ATR_v2.0.0,dda056a1,QML_BEARISH,0.1,0.0,,"{'head_price': np.float64(49795.89), 'head_time': '2021-05-16 08:00:00+00:00', 'head_bar_index': 793, 'left_shoulder_price': np.float64(46467.0), 'left_shoulder_time': '2021-05-16 00:00:00+00:00', 'right_shoulder_price': np.float64(42196.97), 'right_shoulder_time': '2021-05-17 04:00:00+00:00', 'head_depth_atr': np.float64(1.572241991441885), 'shoulder_diff_pct': np.float64(9.19), 'detector_version': '2.0.0', 'detection_method': 'atr_directional_change', 'exit_reason': 'take_profit'}"
2021-05-20T16:00:00+00:00,2021-06-22T12:00:00+00:00,42472.895834999996,29786.161611785716,LONG,0.022702298534354598,964.2323608647159,29801.062142857143,55102.27785714285,-30.070188914125595,-289.9464924831533,LOSS,BTCUSDT,4h,QML_ATR_v2.0.0,c50a8bed,QML_BULLISH,0.1,0.0,,"{'head_price': np.float64(34850.0), 'head_time': '2021-05-20 00:00:00+00:00', 'head_bar_index': 815, 'left_shoulder_price': np.float64(40442.0), 'left_shoulder_time': '2021-05-19 16:00:00+00:00', 'right_shoulder_price': np.float64(42451.67), 'right_shoulder_time': '2021-05-20 12:00:00+00:00', 'head_depth_atr': np.float64(1.6613395207733224), 'shoulder_diff_pct': np.float64(4.97), 'detector_version': '2.0.0', 'detection_method': 'atr_directional_change', 'exit_reason': 'stop_loss'}"
2021-06-22T16:00:00+00:00,2021-06-25T00:00:00+00:00,28790.5975,35478.41963035714,SHORT,0.03248413693451137,935.2377116164006,35460.68928571428,22149.31071428572,-23.429188384704894,-219.11860529940958,LOSS,BTCUSDT,4h,QML_ATR_v2.0.0,a44c90fc,QML_BEARISH,0.1,0.0,,"{'head_price': np.float64(33109.81), 'head_time': '2021-06-22 04:00:00+00:00', 'head_bar_index': 1014, 'left_shoulder_price': np.float64(31168.0), 'left_shoulder_time': '2021-06-22 00:00:00+00:00', 'right_shoulder_price': np.float64(28805.0), 'right_shoulder_time': '2021-06-22 12:00:00+00:00', 'head_depth_atr': np.float64(1.2389896060167138), 'shoulder_diff_pct': np.float64(7.58), 'detector_version': '2.0.0', 'detection_method': 'atr_directional_change', 'exit_reason': 'stop_loss'}"
2021-06-25T04:00:00+00:00,2021-06-26T08:00:00+00:00,35517.75,30459.029652321427,LONG,0.025714631447275225,913.3258510864597,30474.266785714284,40525.73321428572,-14.44279507479661,-131.9097810375594,LOSS,BTCUSDT,4h,QML_ATR_v2.0.0,c57e2e0a,QML_BULLISH,0.1,0.0,,"{'head_price': np.float64(32286.57), 'head_time': '2021-06-24 04:00:00+00:00', 'head_bar_index': 1026, 'left_shoulder_price': np.float64(34881.0), 'left_shoulder_time': '2021-06-23 12:00:00+00:00', 'right_shoulder_price': np.float64(35500.0), 'right_shoulder_time': '2021-06-25 00:00:00+00:00', 'head_depth_atr': np.float64(2.1473476233577284), 'shoulder_diff_pct': np.float64(1.77), 'detector_version': '2.0.0', 'detection_method': 'atr_directional_change', 'exit_reason': 'stop_loss'}"
2021-06-26T12:00:00+00:00,2021-07-26T00:00:00+00:00,30135.9245,37414.756958035716,SHORT,0.029869164059748814,900.1348729827038,37396.05892857143,22905.94107142857,-24.353340502415033,-219.2129105984589,LOSS,BTCUSDT,4h,QML_ATR_v2.0.0,7dcf97bb,QML_BEARISH,0.1,0.0,,"{'head_price': np.float64(35500.0), 'head_time': '2021-06-25 00:00:00+00:00', 'head_bar_index': 1031, 'left_shoulder_price': np.float64(32286.57), 'left_shoulder_time': '2021-06-24 04:00:00+00:00', 'right_shoulder_price': np.float64(30151.0), 'right_shoulder_time': '2021-06-26 08:00:00+00:00', 'head_depth_atr': np.float64(2.5421915571114164), 'shoulder_diff_pct': np.float64(6.61), 'detector_version': '2.0.0', 'detection_method': 'atr_directional_change', 'exit_reason': 'stop_loss'}"
2021-07-26T20:00:00+00:00,2021-08-09T08:00:00+00:00,40570.275,45392.68873035715,LONG,0.02164672489705475,878.2135819228579,35684.60357142857,45415.39642857143,11.686568997516403,102.63303619697503,WIN,BTCUSDT,4h,QML_ATR_v2.0.0,483c09de,QML_BULLISH,0.1,0.0,,"{'head_price': np.float64(37661.7), 'head_time': '2021-07-26 08:00:00+00:00', 'head_bar_index': 1219, 'left_shoulder_price': np.float64(39799.97), 'left_shoulder_time': '2021-07-26 00:00:00+00:00', 'right_shoulder_price': np.float64(40550.0), 'right_shoulder_time': '2021-07-26 16:00:00+00:00', 'head_depth_atr': np.float64(1.6222805087547238), 'shoulder_diff_pct': np.float64(1.88), 'detector_version': '2.0.0', 'detection_method': 'atr_directional_change', 'exit_reason': 'take_profit'}"
2021-08-09T08:00:00+00:00,2021-08-09T16:00:00+00:00,42757.6105,46439.402382857144,SHORT,0.020779385825186732,888.4768855425555,46416.194285714286,39141.805714285714,-8.81084574138478,-78.28232783301438,LOSS,BTCUSDT,4h,QML_ATR_v2.0.0,a1f7f7f6,QML_BEARISH,0.1,0.0,,"{'head_price': np.float64(44581.0), 'head_time': '2021-08-08 20:00:00+00:00', 'head_bar_index': 1300, 'left_shoulder_price': np.float64(43261.0), 'left_shoulder_time': '2021-08-08 16:00:00+00:00', 'right_shoulder_price': np.float64(42779.0), 'right_shoulder_time': '2021-08-09 00:00:00+00:00', 'head_depth_atr': np.float64(1.0789048415270952), 'shoulder_diff_pct': np.float64(1.11), 'detector_version': '2.0.0', 'detection_method': 'atr_directional_change', 'exit_reason': 'stop_loss'}"
2021-08-09T20:00:00+00:00,2021-09-06T04:00:00+00:00,46477.377075000004,51934.96845410715,LONG,0.018947899132478185,880.6486527592541,40947.35107142857,51960.94892857143,11.542468535391512,101.64859365208616,WIN,BTCUSDT,4h,QML_ATR_v2.0.0,22624a7b,QML_BULLISH,0.1,0.0,,"{'head_price': np.float64(42779.0), 'head_time': '2021-08-09 00:00:00+00:00', 'head_bar_index': 1301, 'left_shoulder_price': np.float64(44581.0), 'left_shoulder_time': '2021-08-08 20:00:00+00:00', 'right_shoulder_price': np.float64(46454.15), 'right_shoulder_time': '2021-08-09 16:00:00+00:00', 'head_depth_atr': np.float64(1.4757194775901588), 'shoulder_diff_pct': np.float64(4.2), 'detector_version': '2.0.0', 'detection_method': 'atr_directional_change', 'exit_reason': 'take_profit'}"
2021-09-06T12:00:00+00:00,2021-09-07T12:00:00+00:00,52214.894400000005,48404.162597321425,LONG,0.01706052501610465,890.8135121244627,48428.37678571428,55949.223214285725,-7.498170084355431,-66.7947122735124,LOSS,BTCUSDT,4h,QML_ATR_v2.0.0,0ee9d183,QML_BULLISH,0.1,0.0,,"{'head_price': np.float64(49450.0), 'head_time': '2021-09-05 04:00:00+00:00', 'head_bar_index': 1464, 'left_shoulder_price': np.float64(50299.31), 'left_shoulder_time': '2021-09-05 00:00:00+00:00', 'right_shoulder_price': np.float64(52188.8), 'right_shoulder_time': '2021-09-06 08:00:00+00:00', 'head_depth_atr': np.float64(1.247000833757199), 'shoulder_diff_pct': np.float64(3.76), 'detector_version': '2.0.0', 'detection_method': 'atr_directional_change', 'exit_reason': 'stop_loss'}"
2021-09-08T12:00:00+00:00,2021-10-05T08:00:00+00:00,44389.813989999995,50165.76320357143,SHORT,0.019917498214709492,884.1340408971114,50140.69285714286,38683.347142857136,-13.211879740862667,-116.8107262313559,LOSS,BTCUSDT,4h,QML_ATR_v2.0.0,f4bcc6fb,QML_BEARISH,0.1,0.0,,"{'head_price': np.float64(47544.93), 'head_time': '2021-09-07 16:00:00+00:00', 'head_bar_index': 1479, 'left_shoulder_price': np.float64(42843.05), 'left_shoulder_time': '2021-09-07 12:00:00+00:00', 'right_shoulder_price': np.float64(44412.02), 'right_shoulder_time': '2021-09-08 08:00:00+00:00', 'head_depth_atr': np.float64(2.717050974280061), 'shoulder_diff_pct': np.float64(3.66), 'detector_version': '2.0.0', 'detection_method': 'atr_directional_change', 'exit_reason': 'stop_loss'}"
2021-10-06T08:00:00+00:00,2021-10-11T00:00:00+00:00,51912.24315,56671.28625339287,LONG,0.016806304550412706,872.4529682739758,47072.96392857142,56699.636071428584,8.967477293635055,78.23702182761383,WIN,BTCUSDT,4h,QML_ATR_v2.0.0,9cc62dbf,QML_BULLISH,0.1,0.0,,"{'head_price': np.float64(48556.09), 'head_time': '2021-10-04 20:00:00+00:00', 'head_bar_index': 1642, 'left_shoulder_price': np.float64(49536.12), 'left_shoulder_time': '2021-10-04 16:00:00+00:00', 'right_shoulder_price': np.float64(51886.3), 'right_shoulder_time': '2021-10-05 20:00:00+00:00', 'head_depth_atr': np.float64(0.9911800677767314), 'shoulder_diff_pct': np.float64(4.74), 'detector_version': '2.0.0', 'detection_method': 'atr_directional_change', 'exit_reason': 'take_profit'}"
2021-10-11T00:00:00+00:00,2021-10-11T16:00:00+00:00,54306.683075,57741.28299910714,SHORT,0.016209361732533636,880.2766704567372,57712.426785714284,50955.27321428571,-6.524451668984832,-57.4332259172987,LOSS,BTCUSDT,4h,QML_ATR_v2.0.0,a9ef693f,QML_BEARISH,0.1,0.0,,"{'head_price': np.float64(56074.43), 'head_time': '2021-10-10 04:00:00+00:00', 'head_bar_index': 1674, 'left_shoulder_price': np.float64(54080.0), 'left_shoulder_time': '2021-10-10 00:00:00+00:00', 'right_shoulder_price': np.float64(54333.85), 'right_shoulder_time': '2021-10-10 20:00:00+00:00', 'head_depth_atr': np.float64(1.8264046828977296), 'shoulder_diff_pct': np.float64(0.47), 'detector_version': '2.0.0', 'detection_method': 'atr_directional_change', 'exit_reason': 'stop_loss'}"
2021-10-12T00:00:00+00:00,2021-10-12T20:00:00+00:00,57867.959520000004,54079.64236642857,LONG,0.015112565832959012,874.5333478650073,54106.69571428571,61571.38428571429,-6.746484764616832,-59.00025907520624,LOSS,BTCUSDT,4h,QML_ATR_v2.0.0,14962b98,QML_BULLISH,0.1,0.0,,"{'head_price': np.float64(55862.78), 'head_time': '2021-10-11 08:00:00+00:00', 'head_bar_index': 1681, 'left_shoulder_price': np.float64(57049.0), 'left_shoulder_time': '2021-10-11 04:00:00+00:00', 'right_shoulder_price': np.float64(57839.04), 'right_shoulder_time': '2021-10-11 16:00:00+00:00', 'head_depth_atr': np.float64(1.0132372429243972), 'shoulder_diff_pct': np.float64(1.38), 'detector_version': '2.0.0', 'detection_method': 'atr_directional_change', 'exit_reason': 'stop_loss'}"
2021-10-13T00:00:00+00:00,2021-10-15T04:00:00+00:00,53852.0605,59712.02394857143,SHORT,0.0161299923139893,868.6333219574867,59682.182857142856,48075.817142857144,-11.081595605002759,-96.25843202963031,LOSS,BTCUSDT,4h,QML_ATR_v2.0.0,68972fc2,QML_BEARISH,0.1,0.0,,"{'head_price': np.float64(57680.0), 'head_time': '2021-10-12 04:00:00+00:00', 'head_bar_index': 1686, 'left_shoulder_price': np.float64(56400.0), 'left_shoulder_time': '2021-10-12 00:00:00+00:00', 'right_shoulder_price': np.float64(53879.0), 'right_shoulder_time': '2021-10-12 20:00:00+00:00', 'head_depth_atr': np.float64(0.958953370892341), 'shoulder_diff_pct': np.float64(4.47), 'detector_version': '2.0.0', 'detection_method': 'atr_directional_change', 'exit_reason': 'stop_loss'}"
2021-10-16T00:00:00+00:00,2021-11-26T08:00:00+00:00,62964.4665,54923.624093035716,LONG,0.01364273417221003,859.0074787545236,54951.099642857145,70914.90035714285,-12.970444750713938,-111.41709043635626,LOSS,BTCUSDT,4h,QML_ATR_v2.0.0,73146820,QML_BULLISH,0.1,0.0,,"{'head_price': np.float64(56818.05), 'head_time': '2021-10-14 16:00:00+00:00', 'head_bar_index': 1701, 'left_shoulder_price': np.float64(58532.54), 'left_shoulder_time': '2021-10-14 00:00:00+00:00', 'right_shoulder_price': np.float64(62933.0), 'right_shoulder_time': '2021-10-15 20:00:00+00:00', 'head_depth_atr': np.float64(1.3775058293117812), 'shoulder_diff_pct': np.float64(7.52), 'detector_version': '2.0.0', 'detection_method': 'atr_directional_change', 'exit_reason': 'stop_loss'}"
2021-11-27T08:00:00+00:00,2021-12-04T04:00:00+00:00,53473.25,45870.84646125,SHORT,0.01585588625548079,847.865769710888,61152.0775,45847.9225,14.017208676768288,118.84711423926284,WIN,BTCUSDT,4h,QML_ATR_v2.0.0,7f02c954,QML_BEARISH,0.1,0.0,,"{'head_price': np.float64(59398.9), 'head_time': '2021-11-25 20:00:00+00:00', 'head_bar_index': 1954, 'left_shoulder_price': np.float64(57000.0), 'left_shoulder_time': '2021-11-25 04:00:00+00:00', 'right_shoulder_price': np.float64(53500.0), 'right_shoulder_time': '2021-11-26 12:00:00+00:00', 'head_depth_atr': np.float64(2.0524732949173736), 'shoulder_diff_pct': np.float64(6.14), 'detector_version': '2.0.0', 'detection_method': 'atr_directional_change', 'exit_reason': 'take_profit'}"
2021-12-04T04:00:00+00:00,2021-12-04T08:00:00+00:00,53886.02955,48631.255422678565,LONG,0.015954979209167105,859.7504811348143,48655.58321428571,59062.61678571429,-9.951644667836609,-85.55931291255234,LOSS,BTCUSDT,4h,QML_ATR_v2.0.0,57964dd6,QML_BULLISH,0.1,0.0,,"{'head_price': np.float64(51680.0), 'head_time': '2021-12-03 20:00:00+00:00', 'head_bar_index': 2002, 'left_shoulder_price': np.float64(57600.0), 'left_shoulder_time': '2021-12-03 12:00:00+00:00', 'right_shoulder_price': np.float64(53859.1), 'right_shoulder_time': '2021-12-04 00:00:00+00:00', 'head_depth_atr': np.float64(2.936103265245826), 'shoulder_diff_pct': np.float64(6.49), 'detector_version': '2.0.0', 'detection_method': 'atr_directional_change', 'exit_reason': 'stop_loss'}"
2021-12-07T20:00:00+00:00,2022-01-05T16:00:00+00:00,51962.298165,45222.365006249995,LONG,0.016381002763593975,851.1945498435591,45244.987499999996,58627.67250000001,-13.170814218701725,-112.10925279960964,LOSS,BTCUSDT,4h,QML_ATR_v2.0.0,119292ad,QML_BULLISH,0.1,0.0,,"{'head_price': np.float64(47100.0), 'head_time': '2021-12-06 08:00:00+00:00', 'head_bar_index': 2017, 'left_shoulder_price': np.float64(49699.05), 'left_shoulder_time': '2021-12-05 12:00:00+00:00', 'right_shoulder_price': np.float64(51936.33), 'right_shoulder_time': '2021-12-07 12:00:00+00:00', 'head_depth_atr': np.float64(2.1016435199223733), 'shoulder_diff_pct': np.float64(4.5), 'detector_version': '2.0.0', 'detection_method': 'atr_directional_change', 'exit_reason': 'stop_loss'}"
2022-01-06T00:00:00+00:00,2022-01-21T20:00:00+00:00,42478.75,36395.217085714285,SHORT,0.019774207681807918,839.9836245635981,48622.97142857143,36377.02857142857,14.12135577032214,118.61707603707272,WIN,BTCUSDT,4h,QML_ATR_v2.0.0,79b35c03,QML_BEARISH,0.1,0.0,,"{'head_price': np.float64(47070.0), 'head_time': '2022-01-05 08:00:00+00:00', 'head_bar_index': 2197, 'left_shoulder_price': np.float64(45500.0), 'left_shoulder_time': '2022-01-04 16:00:00+00:00', 'right_shoulder_price': np.float64(42500.0), 'right_shoulder_time': '2022-01-05 20:00:00+00:00', 'head_depth_atr': np.float64(1.516447731537698), 'shoulder_diff_pct': np.float64(6.59), 'detector_version': '2.0.0', 'detection_method': 'atr_directional_change', 'exit_reason': 'take_profit'}"
2022-01-21T20:00:00+00:00,2022-01-22T04:00:00+00:00,39090.665564999996,35880.76207285714,LONG,0.021791527973624707,851.8453321673055,35898.71142857143,42243.54857142857,-8.41143218143836,-71.65239240600124,LOSS,BTCUSDT,4h,QML_ATR_v2.0.0,e345e014,QML_BULLISH,0.1,0.0,,"{'head_price': np.float64(37710.0), 'head_time': '2022-01-21 12:00:00+00:00', 'head_bar_index': 2294, 'left_shoulder_price': np.float64(39320.0), 'left_shoulder_time': '2022-01-21 08:00:00+00:00', 'right_shoulder_price': np.float64(39071.13), 'right_shoulder_time': '2022-01-21 16:00:00+00:00', 'head_depth_atr': np.float64(1.3333049399717014), 'shoulder_diff_pct': np.float64(0.63), 'detector_version': '2.0.0', 'detection_method': 'atr_directional_change', 'exit_reason': 'stop_loss'}"
2022-01-22T04:00:00+00:00,2022-01-24T08:00:00+00:00,36853.63761,33501.85212285714,LONG,0.02291985670086219,844.6800929267052,33518.61142857143,40151.828571428574,-9.294856585428006,-78.51180324319726,LOSS,BTCUSDT,4h,QML_ATR_v2.0.0,3ebfcdb0,QML_BULLISH,0.1,0.0,,"{'head_price': np.float64(35440.45), 'head_time': '2022-01-21 20:00:00+00:00', 'head_bar_index': 2296, 'left_shoulder_price': np.float64(39071.13), 'left_shoulder_time': '2022-01-21 16:00:00+00:00', 'right_shoulder_price': np.float64(36835.22), 'right_shoulder_time': '2022-01-22 00:00:00+00:00', 'head_depth_atr': np.float64(2.8337551764047384), 'shoulder_diff_pct': np.float64(5.72), 'detector_version': '2.0.0', 'detection_method': 'atr_directional_change', 'exit_reason': 'stop_loss'}"
2022-01-24T16:00:00+00:00,2022-01-26T12:00:00+00:00,32900.711415,38487.35155875,SHORT,0.025434979263726832,836.8289126023856,38468.1175,27366.222499999996,-17.180301955425065,-143.76973403538994,LOSS,BTCUSDT,4h,QML_ATR_v2.0.0,7b352eb4,QML_BEARISH,0.1,0.0,,"{'head_price': np.float64(36499.0), 'head_time': '2022-01-23 20:00:00+00:00', 'head_bar_index': 2308, 'left_shoulder_price': np.float64(34601.01), 'left_shoulder_time': '2022-01-23 16:00:00+00:00', 'right_shoulder_price': np.float64(32917.17), 'right_shoulder_time': '2022-01-24 12:00:00+00:00', 'head_depth_atr': np.float64(1.4458177330707775), 'shoulder_diff_pct': np.float64(4.87), 'detector_version': '2.0.0', 'detection_method': 'atr_directional_change', 'exit_reason': 'stop_loss'}"
2022-01-26T20:00:00+00:00,2022-02-07T12:00:00+00:00,38939.439990000006,43854.457873392865,LONG,0.021121308868593373,822.4519391988466,33963.56392857143,43876.39607142858,12.422209987239361,102.16670693140291,WIN,BTCUSDT,4h,QML_ATR_v2.0.0,6ab180c4,QML_BULLISH,0.1,0.0,,"{'head_price': np.float64(35701.0), 'head_time': '2022-01-25 04:00:00+00:00', 'head_bar_index': 2316, 'left_shoulder_price': np.float64(37550.0), 'left_shoulder_time': '2022-01-24 20:00:00+00:00', 'right_shoulder_price': np.float64(38919.98), 'right_shoulder_time': '2022-01-26 16:00:00+00:00', 'head_depth_atr': np.float64(1.5963177267981699), 'shoulder_diff_pct': np.float64(3.65), 'detector_version': '2.0.0', 'detection_method': 'atr_directional_change', 'exit_reason': 'take_profit'}"
2022-02-07T20:00:00+00:00,2022-02-17T16:00:00+00:00,44522.75025,41104.19726303571,LONG,0.018702092867499506,832.6686098919869,41124.75964285714,47876.24035714286,-7.878216120452454,-65.59943265445787,LOSS,BTCUSDT,4h,QML_ATR_v2.0.0,540bbb65,QML_BULLISH,0.1,0.0,,"{'head_price': np.float64(42234.09), 'head_time': '2022-02-07 08:00:00+00:00', 'head_bar_index': 2395, 'left_shoulder_price': np.float64(43000.0), 'left_shoulder_time': '2022-02-07 04:00:00+00:00', 'right_shoulder_price': np.float64(44500.5), 'right_shoulder_time': '2022-02-07 16:00:00+00:00', 'head_depth_atr': np.float64(1.0356382953036387), 'shoulder_diff_pct': np.float64(3.49), 'detector_version': '2.0.0', 'detection_method': 'atr_directional_change', 'exit_reason': 'stop_loss'}"
2022-02-18T00:00:00+00:00,2022-02-24T04:00:00+00:00,40053.173395,34501.12980107142,SHORT,0.020625298736745477,826.108666626541,45662.53214285715,34483.88785714285,13.661682167290294,112.86034039095779,WIN,BTCUSDT,4h,QML_ATR_v2.0.0,346df57c,QML_BEARISH,0.1,0.0,,"{'head_price': np.float64(44376.58), 'head_time': '2022-02-16 20:00:00+00:00', 'head_bar_index': 2452, 'left_shoulder_price': np.float64(43307.0), 'left_shoulder_time': '2022-02-16 12:00:00+00:00', 'right_shoulder_price': np.float64(40073.21), 'right_shoulder_time': '2022-02-17 20:00:00+00:00', 'head_depth_atr': np.float64(1.2476125250162058), 'shoulder_diff_pct': np.float64(7.47), 'detector_version': '2.0.0', 'detection_method': 'atr_directional_change', 'exit_reason': 'take_profit'}"
2022-02-24T08:00:00+00:00,2022-02-28T12:00:00+00:00,34305.11886,40820.901679285715,SHORT,0.024410196743030226,837.3947006656368,40800.50142857143,27844.05857142857,-19.193616800678566,-160.72632995495164,LOSS,BTCUSDT,4h,QML_ATR_v2.0.0,29023381,QML_BEARISH,0.1,0.0,,"{'head_price': np.float64(39249.93), 'head_time': '2022-02-23 12:00:00+00:00', 'head_bar_index': 2492, 'left_shoulder_price': np.float64(36350.0), 'left_shoulder_time': '2022-02-22 00:00:00+00:00', 'right_shoulder_price': np.float64(34322.28), 'right_shoulder_time': '2022-02-24 04:00:00+00:00', 'head_depth_atr': np.float64(2.8053496406854603), 'shoulder_diff_pct': np.float64(5.58), 'detector_version': '2.0.0', 'detection_method': 'atr_directional_change', 'exit_reason': 'stop_loss'}"
2022-03-01T16:00:00+00:00,2022-03-04T12:00:00+00:00,44971.4745,40758.56909214286,LONG,0.018263178532652777,821.3220676701417,40778.95857142858,49119.04142857142,-9.567950361194262,-78.5836877402135,LOSS,BTCUSDT,4h,QML_ATR_v2.0.0,fa46cc01,QML_BULLISH,0.1,0.0,,"{'head_price': np.float64(42809.98), 'head_time': '2022-03-01 08:00:00+00:00', 'head_bar_index': 2527, 'left_shoulder_price': np.float64(44225.84), 'left_shoulder_time': '2022-02-28 20:00:00+00:00', 'right_shoulder_price': np.float64(44949.0), 'right_shoulder_time': '2022-03-01 12:00:00+00:00', 'head_depth_atr': np.float64(1.045675821103381), 'shoulder_diff_pct': np.float64(1.64), 'detector_version': '2.0.0', 'detection_method': 'atr_directional_change', 'exit_reason': 'stop_loss'}"
2022-03-06T12:00:00+00:00,2022-03-09T00:00:00+00:00,38069.525714999996,40937.75650607143,SHORT,0.021367844322147746,813.4636988961203,40917.29785714286,35259.84214285714,-7.734191028656048,-62.91483642139738,LOSS,BTCUSDT,4h,QML_ATR_v2.0.0,e863ab80,QML_BEARISH,0.1,0.0,,"{'head_price': np.float64(39693.87), 'head_time': '2022-03-06 00:00:00+00:00', 'head_bar_index': 2555, 'left_shoulder_price': np.float64(38407.59), 'left_shoulder_time': '2022-03-05 04:00:00+00:00', 'right_shoulder_price': np.float64(38088.57), 'right_shoulder_time': '2022-03-06 08:00:00+00:00', 'head_depth_atr': np.float64(1.5770607058971962), 'shoulder_diff_pct': np.float64(0.83), 'detector_version': '2.0.0', 'detection_method': 'atr_directional_change', 'exit_reason': 'stop_loss'}"
2022-03-10T00:00:00+00:00,2022-05-06T12:00:00+00:00,42615.35703,35548.17916178571,LONG,0.01894087651749003,807.1722152539805,35565.96214285714,49622.157857142854,-16.783641111440645,-135.47288775949326,LOSS,BTCUSDT,4h,QML_ATR_v2.0.0,8545406a,QML_BULLISH,0.1,0.0,,"{'head_price': np.float64(37155.0), 'head_time': '2022-03-07 20:00:00+00:00', 'head_bar_index': 2566, 'left_shoulder_price': np.float64(39547.57), 'left_shoulder_time': '2022-03-07 16:00:00+00:00', 'right_shoulder_price': np.float64(42594.06), 'right_shoulder_time': '2022-03-09 12:00:00+00:00', 'head_depth_atr': np.float64(2.2585081808264045), 'shoulder_diff_pct': np.float64(7.7), 'detector_version': '2.0.0', 'detection_method': 'atr_directional_change', 'exit_reason': 'stop_loss'}"
2022-05-06T16:00:00+00:00,2022-05-09T12:00:00+00:00,35240.371,32561.79454660715,SHORT,0.022520334036155047,793.6249264780313,37970.47821428571,32545.521785714292,7.400874728001157,58.735186618830376,WIN,BTCUSDT,4h,QML_ATR_v2.0.0,a6f9d839,QML_BEARISH,0.1,0.0,,"{'head_price': np.float64(36675.63), 'head_time': '2022-05-06 00:00:00+00:00', 'head_bar_index': 2921, 'left_shoulder_price': np.float64(35571.9), 'left_shoulder_time': '2022-05-05 16:00:00+00:00', 'right_shoulder_price': np.float64(35258.0), 'right_shoulder_time': '2022-05-06 12:00:00+00:00', 'head_depth_atr': np.float64(1.2786016011253354), 'shoulder_diff_pct': np.float64(0.88), 'detector_version': '2.0.0', 'detection_method': 'atr_directional_change', 'exit_reason': 'take_profit'}"
2022-05-11T00:00:00+00:00,2022-06-13T00:00:00+00:00,30132.70611,25716.521835,SHORT,0.02653258032057693,799.4984451399142,34591.89,25703.67,14.455783847884879,115.57376709662647,WIN,BTCUSDT,4h,QML_ATR_v2.0.0,57a95fee,QML_BEARISH,0.1,0.0,,"{'head_price': np.float64(32658.99), 'head_time': '2022-05-10 04:00:00+00:00', 'head_bar_index': 2946, 'left_shoulder_price': np.float64(29730.4), 'left_shoulder_time': '2022-05-10 00:00:00+00:00', 'right_shoulder_price': np.float64(30147.78), 'right_shoulder_time': '2022-05-10 20:00:00+00:00', 'head_depth_atr': np.float64(2.27269129287599), 'shoulder_diff_pct': np.float64(1.4), 'detector_version': '2.0.0', 'detection_method': 'atr_directional_change', 'exit_reason': 'take_profit'}"
2022-06-14T04:00:00+00:00,2023-03-14T12:00:00+00:00,20835.577,26239.086558214283,SHORT,0.03892648722181185,811.0558218495769,26225.97357142857,15466.02642857143,-26.13405288566898,-211.9617574144656,LOSS,BTCUSDT,4h,QML_ATR_v2.0.0,9dab4fea,QML_BEARISH,0.1,0.0,,"{'head_price': np.float64(24204.55), 'head_time': '2022-06-13 16:00:00+00:00', 'head_bar_index': 3153, 'left_shoulder_price': np.float64(22600.0), 'left_shoulder_time': '2022-06-13 12:00:00+00:00', 'right_shoulder_price': np.float64(20846.0), 'right_shoulder_time': '2022-06-14 00:00:00+00:00', 'head_depth_atr': np.float64(1.190658422123305), 'shoulder_diff_pct': np.float64(7.76), 'detector_version': '2.0.0', 'detection_method': 'atr_directional_change', 'exit_reason': 'stop_loss'}"
2023-03-14T16:00:00+00:00,2023-04-11T16:00:00+00:00,26400.063435,30447.67747410714,LONG,0.029918854098697746,789.8596461081303,22310.831071428573,30462.908928571425,15.131834520295115,119.52025459167089,WIN,BTCUSDT,4h,QML_ATR_v2.0.0,90a6dbc2,QML_BULLISH,0.1,0.0,,"{'head_price': np.float64(23755.0), 'head_time': '2023-03-13 16:00:00+00:00', 'head_bar_index': 4791, 'left_shoulder_price': np.float64(24500.0), 'left_shoulder_time': '2023-03-13 12:00:00+00:00', 'right_shoulder_price': np.float64(26386.87), 'right_shoulder_time': '2023-03-14 12:00:00+00:00', 'head_depth_atr': np.float64(0.7738014424014998), 'shoulder_diff_pct': np.float64(7.7), 'detector_version': '2.0.0', 'detection_method': 'atr_directional_change', 'exit_reason': 'take_profit'}"
2023-04-11T20:00:00+00:00,2023-04-18T00:00:00+00:00,30565.275,29155.41071642857,LONG,0.02623276484727513,801.8116715672974,29169.995714285713,31930.004285714287,-4.812634054728547,-38.588261560635964,LOSS,BTCUSDT,4h,QML_ATR_v2.0.0,05ea48d8,QML_BULLISH,0.1,0.0,,"{'head_price': np.float64(29800.0), 'head_time': '2023-04-11 04:00:00+00:00', 'head_bar_index': 4962, 'left_shoulder_price': np.float64(30430.0), 'left_shoulder_time': '2023-04-11 00:00:00+00:00', 'right_shoulder_price': np.float64(30550.0), 'right_shoulder_time': '2023-04-11 16:00:00+00:00', 'head_depth_atr': np.float64(1.4999897959877813), 'shoulder_diff_pct': np.float64(0.39), 'detector_version': '2.0.0', 'detection_method': 'atr_directional_change', 'exit_reason': 'stop_loss'}"
2023-04-18T00:00:00+00:00,2023-04-18T08:00:00+00:00,29594.960085,30309.032902499996,LONG,0.026962457226481298,797.9528454112337,28836.145,30324.194999999996,2.212818991642836,17.657252107614177,WIN,BTCUSDT,4h,QML_ATR_v2.0.0,cdcd8f35,QML_BULLISH,0.1,0.0,,"{'head_price': np.float64(29240.65), 'head_time': '2023-04-17 12:00:00+00:00', 'head_bar_index': 5000, 'left_shoulder_price': np.float64(30007.56), 'left_shoulder_time': '2023-04-17 04:00:00+00:00', 'right_shoulder_price': np.float64(29580.17), 'right_shoulder_time': '2023-04-17 16:00:00+00:00', 'head_depth_atr': np.float64(2.8438832647309633), 'shoulder_diff_pct': np.float64(1.42), 'detector_version': '2.0.0', 'detection_method': 'atr_directional_change', 'exit_reason': 'take_profit'}"
2023-04-18T16:00:00+00:00,2023-04-19T20:00:00+00:00,30500.2425,28554.422789285712,LONG,0.026220072532931345,799.7185706219952,28568.70714285714,32401.29285714286,-6.579686032707078,-52.618971092180104,LOSS,BTCUSDT,4h,QML_ATR_v2.0.0,3cb8c783,QML_BULLISH,0.1,0.0,,"{'head_price': np.float64(29096.78), 'head_time': '2023-04-18 00:00:00+00:00', 'head_bar_index': 5003, 'left_shoulder_price': np.float64(29580.17), 'left_shoulder_time': '2023-04-17 16:00:00+00:00', 'right_shoulder_price': np.float64(30485.0), 'right_shoulder_time': '2023-04-18 12:00:00+00:00', 'head_depth_atr': np.float64(1.3730775785808749), 'shoulder_diff_pct': np.float64(3.06), 'detector_version': '2.0.0', 'detection_method': 'atr_directional_change', 'exit_reason': 'stop_loss'}"
2023-04-20T00:00:00+00:00,2023-05-10T16:00:00+00:00,28505.74,26882.836129285715,SHORT,0.027870059627035718,794.4566735127772,30170.59857142857,26869.40142857143,5.493252905254472,43.64151429872867,WIN,BTCUSDT,4h,QML_ATR_v2.0.0,5caf8ad3,QML_BEARISH,0.1,0.0,,"{'head_price': np.float64(29500.0), 'head_time': '2023-04-19 12:00:00+00:00', 'head_bar_index': 5012, 'left_shoulder_price': np.float64(29000.0), 'left_shoulder_time': '2023-04-19 08:00:00+00:00', 'right_shoulder_price': np.float64(28520.0), 'right_shoulder_time': '2023-04-19 20:00:00+00:00', 'head_depth_atr': np.float64(1.1184038140765504), 'shoulder_diff_pct': np.float64(1.66), 'detector_version': '2.0.0', 'detection_method': 'atr_directional_change', 'exit_reason': 'take_profit'}"
2023-05-10T16:00:00+00:00,2023-05-11T16:00:00+00:00,28345.58571,26808.44085982143,LONG,0.02818148946066178,798.8208249426501,26821.851785714287,29840.98821428571,-5.622872068705512,-44.916673044703224,LOSS,BTCUSDT,4h,QML_ATR_v2.0.0,53dc846b,QML_BULLISH,0.1,0.0,,"{'head_price': np.float64(27474.91), 'head_time': '2023-05-10 08:00:00+00:00', 'head_bar_index': 5137, 'left_shoulder_price': np.float64(27849.94), 'left_shoulder_time': '2023-05-10 00:00:00+00:00', 'right_shoulder_price': np.float64(28331.42), 'right_shoulder_time': '2023-05-10 12:00:00+00:00', 'head_depth_atr': np.float64(0.8614010017702399), 'shoulder_diff_pct': np.float64(1.73), 'detector_version': '2.0.0', 'detection_method': 'atr_directional_change', 'exit_reason': 'stop_loss'}"
2023-05-12T20:00:00+00:00,2023-06-21T00:00:00+00:00,25798.55427,28778.64677517857,SHORT,0.030789677178223514,794.3291576381798,28764.264642857142,22858.655357142856,-11.751393438522982,-93.34474451096794,LOSS,BTCUSDT,4h,QML_ATR_v2.0.0,d5f32128,QML_BEARISH,0.1,0.0,,"{'head_price': np.float64(27982.23), 'head_time': '2023-05-10 20:00:00+00:00', 'head_bar_index': 5140, 'left_shoulder_price': np.float64(26777.0), 'left_shoulder_time': '2023-05-10 16:00:00+00:00', 'right_shoulder_price': np.float64(25811.46), 'right_shoulder_time': '2023-05-12 16:00:00+00:00', 'head_depth_atr': np.float64(2.3117198406902864), 'shoulder_diff_pct': np.float64(3.61), 'detector_version': '2.0.0', 'detection_method': 'atr_directional_change', 'exit_reason': 'stop_loss'}"
2023-06-22T08:00:00+00:00,2023-07-24T12:00:00+00:00,30515.25,28913.58062053571,LONG,0.025724668262166718,784.994683187083,28928.04464285714,32071.95535714286,-5.448750639317354,-42.77240281876342,LOSS,BTCUSDT,4h,QML_ATR_v2.0.0,02e4a59f,QML_BULLISH,0.1,0.0,,"{'head_price': np.float64(29800.0), 'head_time': '2023-06-21 20:00:00+00:00', 'head_bar_index': 5392, 'left_shoulder_price': np.float64(30800.0), 'left_shoulder_time': '2023-06-21 16:00:00+00:00', 'right_shoulder_price': np.float64(30500.0), 'right_shoulder_time': '2023-06-22 00:00:00+00:00', 'head_depth_atr': np.float64(1.7202715571529505), 'shoulder_diff_pct': np.float64(0.97), 'detector_version': '2.0.0', 'detection_method': 'atr_directional_change', 'exit_reason': 'stop_loss'}"
2023-07-24T16:00:00+00:00,2023-08-17T20:00:00+00:00,28847.46905,27005.17298142857,SHORT,0.027063637421779526,780.7174429052067,30732.12285714286,26991.677142857145,6.186335194183795,48.297797937576576,WIN,BTCUSDT,4h,QML_ATR_v2.0.0,8e332ec4,QML_BEARISH,0.1,0.0,,"{'head_price': np.float64(30350.0), 'head_time': '2023-07-23 16:00:00+00:00', 'head_bar_index': 5583, 'left_shoulder_price': np.float64(29625.1), 'left_shoulder_time': '2023-07-22 20:00:00+00:00', 'right_shoulder_price': np.float64(28861.9), 'right_shoulder_time': '2023-07-24 12:00:00+00:00', 'head_depth_atr': np.float64(2.84555079518181), 'shoulder_diff_pct': np.float64(2.58), 'detector_version': '2.0.0', 'detection_method': 'atr_directional_change', 'exit_reason': 'take_profit'}"
2023-08-18T20:00:00+00:00,2023-08-29T12:00:00+00:00,25606.1905,27694.447089107143,SHORT,0.030678019938145985,785.5472226989643,27680.606785714284,23557.393214285716,-8.355280220644858,-65.63467172199158,LOSS,BTCUSDT,4h,QML_ATR_v2.0.0,9e819bf5,QML_BEARISH,0.1,0.0,,"{'head_price': np.float64(26832.6), 'head_time': '2023-08-18 00:00:00+00:00', 'head_bar_index': 5735, 'left_shoulder_price': np.float64(25166.0), 'left_shoulder_time': '2023-08-17 20:00:00+00:00', 'right_shoulder_price': np.float64(25619.0), 'right_shoulder_time': '2023-08-18 16:00:00+00:00', 'head_depth_atr': np.float64(2.9479716932858064), 'shoulder_diff_pct': np.float64(1.8), 'detector_version': '2.0.0', 'detection_method': 'atr_directional_change', 'exit_reason': 'stop_loss'}"
2023-08-29T12:00:00+00:00,2023-08-29T16:00:00+00:00,25909.039,26617.681832678572,SHORT,0.03006609992469289,778.9837555267652,26604.379642857144,25239.620357142856,-2.9351181673645703,-22.864093729284896,LOSS,BTCUSDT,4h,QML_ATR_v2.0.0,7c0627d2,QML_BEARISH,0.1,0.0,,"{'head_price': np.float64(26206.24), 'head_time': '2023-08-29 00:00:00+00:00', 'head_bar_index': 5801, 'left_shoulder_price': np.float64(25918.0), 'left_shoulder_time': '2023-08-28 16:00:00+00:00', 'right_shoulder_price': np.float64(25922.0), 'right_shoulder_time': '2023-08-29 08:00:00+00:00', 'head_depth_atr': np.float64(1.0859506400751386), 'shoulder_diff_pct': np.float64(0.02), 'detector_version': '2.0.0', 'detection_method': 'atr_directional_change', 'exit_reason': 'stop_loss'}"
2023-08-29T20:00:00+00:00,2023-09-01T16:00:00+00:00,28156.921424999997,25409.10552035714,LONG,0.027584597564143568,776.6973461538367,25421.816428571427,30863.88357142857,-9.958935869328107,-77.35079060223393,LOSS,BTCUSDT,4h,QML_ATR_v2.0.0,c86e87f9,QML_BULLISH,0.1,0.0,,"{'head_price': np.float64(25922.0), 'head_time': '2023-08-29 08:00:00+00:00', 'head_bar_index': 5803, 'left_shoulder_price': np.float64(26206.24), 'left_shoulder_time': '2023-08-29 00:00:00+00:00', 'right_shoulder_price': np.float64(28142.85), 'right_shoulder_time': '2023-08-29 16:00:00+00:00', 'head_depth_atr': np.float64(0.8524070448421113), 'shoulder_diff_pct': np.float64(7.39), 'detector_version': '2.0.0', 'detection_method': 'atr_directional_change', 'exit_reason': 'stop_loss'}"
2023-09-01T20:00:00+00:00,2023-09-14T12:00:00+00:00,25321.083125,26707.905136071426,SHORT,0.030368458698925155,768.9622670936133,26694.557857142856,23972.942142857144,-5.676945848742893,-43.65357150017011,LOSS,BTCUSDT,4h,QML_ATR_v2.0.0,d803b47c,QML_BEARISH,0.1,0.0,,"{'head_price': np.float64(26156.0), 'head_time': '2023-09-01 12:00:00+00:00', 'head_bar_index': 5822, 'left_shoulder_price': np.float64(25655.01), 'left_shoulder_time': '2023-08-31 20:00:00+00:00', 'right_shoulder_price': np.float64(25333.75), 'right_shoulder_time': '2023-09-01 16:00:00+00:00', 'head_depth_atr': np.float64(1.3953654004543934), 'shoulder_diff_pct': np.float64(1.25), 'detector_version': '2.0.0', 'detection_method': 'atr_directional_change', 'exit_reason': 'stop_loss'}"
2023-09-14T20:00:00+00:00,2023-10-02T08:00:00+00:00,26873.920245,28444.53204785715,LONG,0.028451260663611314,764.5969099435963,25262.21857142857,28458.761428571433,5.644371749779848,43.15669198454601,WIN,BTCUSDT,4h,QML_ATR_v2.0.0,7f4dae8b,QML_BULLISH,0.1,0.0,,"{'head_price': np.float64(25764.17), 'head_time': '2023-09-13 00:00:00+00:00', 'head_bar_index': 5891, 'left_shoulder_price': np.float64(26567.0), 'left_shoulder_time': '2023-09-12 16:00:00+00:00', 'right_shoulder_price': np.float64(26860.49), 'right_shoulder_time': '2023-09-14 16:00:00+00:00', 'head_depth_atr': np.float64(2.3991265518006912), 'shoulder_diff_pct': np.float64(1.1), 'detector_version': '2.0.0', 'detection_method': 'atr_directional_change', 'exit_reason': 'take_profit'}"
2023-10-02T16:00:00+00:00,2023-10-11T16:00:00+00:00,28594.29,26546.301280892854,LONG,0.026890423897290367,768.912579142051,26559.58107142857,30600.41892857143,-7.362229658813512,-56.609109951944,LOSS,BTCUSDT,4h,QML_ATR_v2.0.0,7c675392,QML_BULLISH,0.1,0.0,,"{'head_price': np.float64(27033.1), 'head_time': '2023-10-01 20:00:00+00:00', 'head_bar_index': 6004, 'left_shoulder_price': np.float64(27289.08), 'left_shoulder_time': '2023-10-01 08:00:00+00:00', 'right_shoulder_price': np.float64(28580.0), 'right_shoulder_time': '2023-10-02 12:00:00+00:00', 'head_depth_atr': np.float64(0.8108862747227739), 'shoulder_diff_pct': np.float64(4.73), 'detector_version': '2.0.0', 'detection_method': 'atr_directional_change', 'exit_reason': 'stop_loss'}"
2023-10-11T20:00:00+00:00,2023-10-16T04:00:00+00:00,26525.39067,27749.111550535712,SHORT,0.028774379900466003,763.2516681468564,27735.243928571428,25342.07607142857,-4.813394372810236,-36.738312844961044,LOSS,BTCUSDT,4h,QML_ATR_v2.0.0,f3ef3f45,QML_BEARISH,0.1,0.0,,"{'head_price': np.float64(27332.0), 'head_time': '2023-10-11 08:00:00+00:00', 'head_bar_index': 6061, 'left_shoulder_price': np.float64(26964.89), 'left_shoulder_time': '2023-10-11 04:00:00+00:00', 'right_shoulder_price': np.float64(26538.66), 'right_shoulder_time': '2023-10-11 16:00:00+00:00', 'head_depth_atr': np.float64(1.3655878265813945), 'shoulder_diff_pct': np.float64(1.58), 'detector_version': '2.0.0', 'detection_method': 'atr_directional_change', 'exit_reason': 'stop_loss'}"
2023-10-16T04:00:00+00:00,2023-10-16T08:00:00+00:00,27099.10367,27560.04599357143,SHORT,0.0280296295446572,759.5778368623604,27546.27285714286,26679.04714285714,-1.9009504416993552,-14.439198244885446,LOSS,BTCUSDT,4h,QML_ATR_v2.0.0,cdbb3259,QML_BEARISH,0.1,0.0,,"{'head_price': np.float64(27293.33), 'head_time': '2023-10-15 20:00:00+00:00', 'head_bar_index': 6088, 'left_shoulder_price': np.float64(26789.0), 'left_shoulder_time': '2023-10-14 20:00:00+00:00', 'right_shoulder_price': np.float64(27112.66), 'right_shoulder_time': '2023-10-16 00:00:00+00:00', 'head_depth_atr': np.float64(2.990774313791937), 'shoulder_diff_pct': np.float64(1.21), 'detector_version': '2.0.0', 'detection_method': 'atr_directional_change', 'exit_reason': 'stop_loss'}"
2023-10-16T08:00:00+00:00,2023-10-16T12:00:00+00:00,27993.99,29098.228964464284,LONG,0.027082024285851065,758.1339170378719,26847.214642857143,29112.785357142857,3.744557258412547,28.38875861892899,WIN,BTCUSDT,4h,QML_ATR_v2.0.0,33c3dc6b,QML_BULLISH,0.1,0.0,,"{'head_price': np.float64(27112.66), 'head_time': '2023-10-16 00:00:00+00:00', 'head_bar_index': 6089, 'left_shoulder_price': np.float64(27293.33), 'left_shoulder_time': '2023-10-15 20:00:00+00:00', 'right_shoulder_price': np.float64(27980.0), 'right_shoulder_time': '2023-10-16 04:00:00+00:00', 'head_depth_atr': np.float64(1.0209445850437422), 'shoulder_diff_pct': np.float64(2.52), 'detector_version': '2.0.0', 'detection_method': 'atr_directional_change', 'exit_reason': 'take_profit'}"
2023-10-16T12:00:00+00:00,2023-10-16T16:00:00+00:00,27627.89914,28494.689510357144,SHORT,0.027543635838673645,760.9727928997648,28480.449285714287,26802.990714285716,-3.337373442565503,-25.396503895385734,LOSS,BTCUSDT,4h,QML_ATR_v2.0.0,eed75d6b,QML_BEARISH,0.1,0.0,,"{'head_price': np.float64(27980.0), 'head_time': '2023-10-16 04:00:00+00:00', 'head_bar_index': 6090, 'left_shoulder_price': np.float64(27112.66), 'left_shoulder_time': '2023-10-16 00:00:00+00:00', 'right_shoulder_price': np.float64(27641.72), 'right_shoulder_time': '2023-10-16 08:00:00+00:00', 'head_depth_atr': np.float64(2.599683998235869), 'shoulder_diff_pct': np.float64(1.95), 'detector_version': '2.0.0', 'detection_method': 'atr_directional_change', 'exit_reason': 'stop_loss'}"
2023-10-16T16:00:00+00:00,2023-10-23T20:00:00+00:00,30015.0,32916.42926642857,LONG,0.025268470515083335,758.4331425102263,27067.104285714286,32932.89571428571,9.466597589300576,71.79781358532969,WIN,BTCUSDT,4h,QML_ATR_v2.0.0,3e989380,QML_BULLISH,0.1,0.0,,"{'head_price': np.float64(27641.72), 'head_time': '2023-10-16 08:00:00+00:00', 'head_bar_index': 6091, 'left_shoulder_price': np.float64(27980.0), 'left_shoulder_time': '2023-10-16 04:00:00+00:00', 'right_shoulder_price': np.float64(30000.0), 'right_shoulder_time': '2023-10-16 12:00:00+00:00', 'head_depth_atr': np.float64(0.8830597343317613), 'shoulder_diff_pct': np.float64(7.22), 'detector_version': '2.0.0', 'detection_method': 'atr_directional_change', 'exit_reason': 'take_profit'}"
2023-10-24T12:00:00+00:00,2023-11-09T12:00:00+00:00,34893.8382,37457.764605714285,LONG,0.02194120691110327,765.6129238687593,32276.297142857144,37476.502857142856,7.147791294894828,54.72441392488094,WIN,BTCUSDT,4h,QML_ATR_v2.0.0,2c541d60,QML_BULLISH,0.1,0.0,,"{'head_price': np.float64(33706.32), 'head_time': '2023-10-24 04:00:00+00:00', 'head_bar_index': 6138, 'left_shoulder_price': np.float64(35280.0), 'left_shoulder_time': '2023-10-24 00:00:00+00:00', 'right_shoulder_price': np.float64(34876.4), 'right_shoulder_time': '2023-10-24 08:00:00+00:00', 'head_depth_atr': np.float64(1.6506869021074586), 'shoulder_diff_pct': np.float64(1.14), 'detector_version': '2.0.0', 'detection_method': 'atr_directional_change', 'exit_reason': 'take_profit'}"
2023-11-09T16:00:00+00:00,2023-12-04T08:00:00+00:00,37991.22612,41796.09971017856,LONG,0.020296406407776326,771.0853652612473,34127.47178571429,41817.008214285706,9.815137648256988,75.68308998595658,WIN,BTCUSDT,4h,QML_ATR_v2.0.0,c40c77bf,QML_BULLISH,0.1,0.0,,"{'head_price': np.float64(35100.0), 'head_time': '2023-11-08 12:00:00+00:00', 'head_bar_index': 6230, 'left_shoulder_price': np.float64(35888.0), 'left_shoulder_time': '2023-11-07 20:00:00+00:00', 'right_shoulder_price': np.float64(37972.24), 'right_shoulder_time': '2023-11-09 12:00:00+00:00', 'head_depth_atr': np.float64(1.2153889035169398), 'shoulder_diff_pct': np.float64(5.81), 'detector_version': '2.0.0', 'detection_method': 'atr_directional_change', 'exit_reason': 'take_profit'}"
2023-12-04T12:00:00+00:00,2024-01-02T08:00:00+00:00,42175.907415,45804.817205892854,LONG,0.018462049117238727,778.653674259843,38481.92892857143,45827.73107142857,8.404224575858725,65.43980345297267,WIN,BTCUSDT,4h,QML_ATR_v2.0.0,59269405,QML_BULLISH,0.1,0.0,,"{'head_price': np.float64(39274.86), 'head_time': '2023-12-03 00:00:00+00:00', 'head_bar_index': 6377, 'left_shoulder_price': np.float64(39717.14), 'left_shoulder_time': '2023-12-02 20:00:00+00:00', 'right_shoulder_price': np.float64(42154.83), 'right_shoulder_time': '2023-12-04 08:00:00+00:00', 'head_depth_atr': np.float64(0.8366679323144177), 'shoulder_diff_pct': np.float64(6.14), 'detector_version': '2.0.0', 'detection_method': 'atr_directional_change', 'exit_reason': 'take_profit'}"
2024-01-02T12:00:00+00:00,2024-01-03T12:00:00+00:00,45902.569814999995,41260.13925303571,LONG,0.017105745011002718,785.1976546051402,41280.77964285714,50478.48035714286,-10.313661567695574,-80.98262873345739,LOSS,BTCUSDT,4h,QML_ATR_v2.0.0,7713043c,QML_BULLISH,0.1,0.0,,"{'head_price': np.float64(42180.77), 'head_time': '2024-01-01 04:00:00+00:00', 'head_bar_index': 6552, 'left_shoulder_price': np.float64(42775.0), 'left_shoulder_time': '2024-01-01 00:00:00+00:00', 'right_shoulder_price': np.float64(45879.63), 'right_shoulder_time': '2024-01-02 08:00:00+00:00', 'head_depth_atr': np.float64(0.9903939446970323), 'shoulder_diff_pct': np.float64(7.26), 'detector_version': '2.0.0', 'detection_method': 'atr_directional_change', 'exit_reason': 'stop_loss'}"
2024-01-03T12:00:00+00:00,2024-01-03T16:00:00+00:00,45522.75,43178.090155000005,LONG,0.01707057222447665,777.0993917317945,43199.69,47800.31,-5.350523298790153,-41.57888400936623,LOSS,BTCUSDT,4h,QML_ATR_v2.0.0,0f75603c,QML_BULLISH,0.1,0.0,,"{'head_price': np.float64(44600.0), 'head_time': '2024-01-02 20:00:00+00:00', 'head_bar_index': 6562, 'left_shoulder_price': np.float64(45879.63), 'left_shoulder_time': '2024-01-02 08:00:00+00:00', 'right_shoulder_price': np.float64(45500.0), 'right_shoulder_time': '2024-01-03 08:00:00+00:00', 'head_depth_atr': np.float64(1.3707286243760284), 'shoulder_diff_pct': np.float64(0.83), 'detector_version': '2.0.0', 'detection_method': 'atr_directional_change', 'exit_reason': 'stop_loss'}"
2024-01-03T16:00:00+00:00,2024-01-08T16:00:00+00:00,40729.625,47058.62505375,SHORT,0.01897737834146172,772.9415033308578,47035.1075,34464.8925,-15.739058004462358,-121.65371154980707,LOSS,BTCUSDT,4h,QML_ATR_v2.0.0,7e1f70d5,QML_BEARISH,0.1,0.0,,"{'head_price': np.float64(45500.0), 'head_time': '2024-01-03 08:00:00+00:00', 'head_bar_index': 6565, 'left_shoulder_price': np.float64(44600.0), 'left_shoulder_time': '2024-01-02 20:00:00+00:00', 'right_shoulder_price': np.float64(40750.0), 'right_shoulder_time': '2024-01-03 12:00:00+00:00', 'head_depth_atr': np.float64(0.8794172395092853), 'shoulder_diff_pct': np.float64(8.63), 'detector_version': '2.0.0', 'detection_method': 'atr_directional_change', 'exit_reason': 'stop_loss'}"
2024-01-09T00:00:00+00:00,2024-01-12T20:00:00+00:00,47272.614494999994,41995.37466571429,LONG,0.01609337965126393,760.7761321758771,42016.38285714286,52481.597142857136,-11.363418578940403,-86.45017634781782,LOSS,BTCUSDT,4h,QML_ATR_v2.0.0,e0ef692b,QML_BULLISH,0.1,0.0,,"{'head_price': np.float64(43175.0), 'head_time': '2024-01-08 00:00:00+00:00', 'head_bar_index': 6593, 'left_shoulder_price': np.float64(44480.59), 'left_shoulder_time': '2024-01-07 12:00:00+00:00', 'right_shoulder_price': np.float64(47248.99), 'right_shoulder_time': '2024-01-08 16:00:00+00:00', 'head_depth_atr': np.float64(1.6902779421773702), 'shoulder_diff_pct': np.float64(6.22), 'detector_version': '2.0.0', 'detection_method': 'atr_directional_change', 'exit_reason': 'stop_loss'}"
2024-01-13T00:00:00+00:00,2024-02-12T12:00:00+00:00,41479.25,48981.39631607143,SHORT,0.018132707668077303,752.1311145410955,48956.91785714286,34043.08214285714,-18.286504254709104,-137.53848826154842,LOSS,BTCUSDT,4h,QML_ATR_v2.0.0,270362bb,QML_BEARISH,0.1,0.0,,"{'head_price': np.float64(46975.0), 'head_time': '2024-01-11 20:00:00+00:00', 'head_bar_index': 6616, 'left_shoulder_price': np.float64(45606.06), 'left_shoulder_time': '2024-01-11 16:00:00+00:00', 'right_shoulder_price': np.float64(41500.0), 'right_shoulder_time': '2024-01-12 20:00:00+00:00', 'head_depth_atr': np.float64(1.036072202790589), 'shoulder_diff_pct': np.float64(9.0), 'detector_version': '2.0.0', 'detection_method': 'atr_directional_change', 'exit_reason': 'stop_loss'}"
2024-02-12T12:00:00+00:00,2024-02-12T16:00:00+00:00,47686.154995000004,49875.68144946429,SHORT,0.0154841015341321,738.3772657149407,49850.75607142857,45569.26392857143,-4.791534911325649,-35.37960446402313,LOSS,BTCUSDT,4h,QML_ATR_v2.0.0,7408a734,QML_BEARISH,0.1,0.0,,"{'head_price': np.float64(48826.81), 'head_time': '2024-02-12 00:00:00+00:00', 'head_bar_index': 6803, 'left_shoulder_price': np.float64(47922.33), 'left_shoulder_time': '2024-02-11 08:00:00+00:00', 'right_shoulder_price': np.float64(47710.01), 'right_shoulder_time': '2024-02-12 08:00:00+00:00', 'head_depth_atr': np.float64(1.324991655182727), 'shoulder_diff_pct': np.float64(0.44), 'detector_version': '2.0.0', 'detection_method': 'atr_directional_change', 'exit_reason': 'stop_loss'}"
2024-02-12T20:00:00+00:00,2024-02-26T16:00:00+00:00,50359.98741,54058.81492821428,LONG,0.014591729328403703,734.8393052685383,46583.78214285715,54085.85785714285,7.144774509375269,52.502611367696844,WIN,BTCUSDT,4h,QML_ATR_v2.0.0,69e872ce,QML_BULLISH,0.1,0.0,,"{'head_price': np.float64(47710.01), 'head_time': '2024-02-12 08:00:00+00:00', 'head_bar_index': 6805, 'left_shoulder_price': np.float64(48826.81), 'left_shoulder_time': '2024-02-12 00:00:00+00:00', 'right_shoulder_price': np.float64(50334.82), 'right_shoulder_time': '2024-02-12 16:00:00+00:00', 'head_depth_atr': np.float64(1.487443228628558), 'shoulder_diff_pct': np.float64(3.09), 'detector_version': '2.0.0', 'detection_method': 'atr_directional_change', 'exit_reason': 'take_profit'}"
2024-02-27T04:00:00+00:00,2024-03-04T08:00:00+00:00,57102.376919999995,64402.60116214285,LONG,0.012960748857130203,740.089566405308,49712.86142857143,64434.818571428565,12.58444897726484,93.13619387033657,WIN,BTCUSDT,4h,QML_ATR_v2.0.0,5bf981a1,QML_BULLISH,0.1,0.0,,"{'head_price': np.float64(50901.44), 'head_time': '2024-02-26 08:00:00+00:00', 'head_bar_index': 6889, 'left_shoulder_price': np.float64(51958.55), 'left_shoulder_time': '2024-02-25 20:00:00+00:00', 'right_shoulder_price': np.float64(57073.84), 'right_shoulder_time': '2024-02-27 00:00:00+00:00', 'head_depth_atr': np.float64(1.3340851316999311), 'shoulder_diff_pct': np.float64(9.84), 'detector_version': '2.0.0', 'detection_method': 'atr_directional_change', 'exit_reason': 'take_profit'}"
2024-03-05T04:00:00+00:00,2024-03-05T16:00:00+00:00,68721.1434,59325.0676275,LONG,0.010904987151193727,749.4031857923417,59354.745,78018.85500000001,-13.872758204573179,-103.96289194233987,LOSS,BTCUSDT,4h,QML_ATR_v2.0.0,1eb08a2b,QML_BULLISH,0.1,0.0,,"{'head_price': np.float64(61320.0), 'head_time': '2024-03-03 04:00:00+00:00', 'head_bar_index': 6924, 'left_shoulder_price': np.float64(63114.23), 'left_shoulder_time': '2024-03-01 20:00:00+00:00', 'right_shoulder_price': np.float64(68686.8), 'right_shoulder_time': '2024-03-05 00:00:00+00:00', 'head_depth_atr': np.float64(1.3694635047360288), 'shoulder_diff_pct': np.float64(8.83), 'detector_version': '2.0.0', 'detection_method': 'atr_directional_change', 'exit_reason': 'stop_loss'}"
2024-03-05T16:00:00+00:00,2024-03-05T20:00:00+00:00,69034.5,61954.73749196428,LONG,0.010704892432017436,739.0068965981077,61985.73035714286,76014.26964285714,-10.455397675127243,-77.26610988594854,LOSS,BTCUSDT,4h,QML_ATR_v2.0.0,f34f6984,QML_BULLISH,0.1,0.0,,"{'head_price': np.float64(65089.0), 'head_time': '2024-03-05 04:00:00+00:00', 'head_bar_index': 6936, 'left_shoulder_price': np.float64(68686.8), 'left_shoulder_time': '2024-03-05 00:00:00+00:00', 'right_shoulder_price': np.float64(69000.0), 'right_shoulder_time': '2024-03-05 12:00:00+00:00', 'head_depth_atr': np.float64(1.7390367647947365), 'shoulder_diff_pct': np.float64(0.46), 'detector_version': '2.0.0', 'detection_method': 'atr_directional_change', 'exit_reason': 'stop_loss'}"
2024-03-05T20:00:00+00:00,2024-03-11T12:00:00+00:00,58975.4975,72394.47772071429,SHORT,0.012399730678143287,731.2802856095127,72358.29857142858,45651.701428571425,-22.953483717054343,-167.854301283408,LOSS,BTCUSDT,4h,QML_ATR_v2.0.0,cb7c2259,QML_BEARISH,0.1,0.0,,"{'head_price': np.float64(69000.0), 'head_time': '2024-03-05 12:00:00+00:00', 'head_bar_index': 6938, 'left_shoulder_price': np.float64(65089.0), 'left_shoulder_time': '2024-03-05 04:00:00+00:00', 'right_shoulder_price': np.float64(59005.0), 'right_shoulder_time': '2024-03-05 16:00:00+00:00', 'head_depth_atr': np.float64(1.7468667169472298), 'shoulder_diff_pct': np.float64(9.35), 'detector_version': '2.0.0', 'detection_method': 'atr_directional_change', 'exit_reason': 'stop_loss'}"
2024-03-12T00:00:00+00:00,2024-03-16T20:00:00+00:00,72836.4,65255.467015892864,LONG,0.00980958498060272,714.494855481172,65288.111071428575,80311.88892857142,-10.60816540096316,-75.79479605081542,LOSS,BTCUSDT,4h,QML_ATR_v2.0.0,9cd99429,QML_BULLISH,0.1,0.0,,"{'head_price': np.float64(67024.96), 'head_time': '2024-03-11 00:00:00+00:00', 'head_bar_index': 6971, 'left_shoulder_price': np.float64(69768.58), 'left_shoulder_time': '2024-03-10 16:00:00+00:00', 'right_shoulder_price': np.float64(72800.0), 'right_shoulder_time': '2024-03-11 16:00:00+00:00', 'head_depth_atr': np.float64(2.369480691325852), 'shoulder_diff_pct': np.float64(4.34), 'detector_version': '2.0.0', 'detection_method': 'atr_directional_change', 'exit_reason': 'stop_loss'}"
2024-03-17T08:00:00+00:00,2024-07-05T00:00:00+00:00,64500.7335,56200.603044107134,SHORT,0.010959803672249562,706.9153758760904,72893.48321428572,56172.51678571428,12.668272972264523,89.55396949889293,WIN,BTCUSDT,4h,QML_ATR_v2.0.0,5cfb7c91,QML_BEARISH,0.1,0.0,,"{'head_price': np.float64(70043.0), 'head_time': '2024-03-16 00:00:00+00:00', 'head_bar_index': 7001, 'left_shoulder_price': np.float64(67413.8), 'left_shoulder_time': '2024-03-15 20:00:00+00:00', 'right_shoulder_price': np.float64(64533.0), 'right_shoulder_time': '2024-03-17 04:00:00+00:00', 'head_depth_atr': np.float64(1.3835548935124118), 'shoulder_diff_pct': np.float64(4.27), 'detector_version': '2.0.0', 'detection_method': 'atr_directional_change', 'exit_reason': 'take_profit'}"
2024-07-05T00:00:00+00:00,2024-07-05T04:00:00+00:00,58842.536564999995,54709.781425,LONG,0.012165872081928318,715.8707728259797,54737.15,62889.10999999999,-7.22341432109198,-51.71031192482365,LOSS,BTCUSDT,4h,QML_ATR_v2.0.0,36abfd96,QML_BULLISH,0.1,0.0,,"{'head_price': np.float64(56771.0), 'head_time': '2024-07-04 12:00:00+00:00', 'head_bar_index': 7664, 'left_shoulder_price': np.float64(59150.0), 'left_shoulder_time': '2024-07-04 04:00:00+00:00', 'right_shoulder_price': np.float64(58813.13), 'right_shoulder_time': '2024-07-04 20:00:00+00:00', 'head_depth_atr': np.float64(1.754554170661554), 'shoulder_diff_pct': np.float64(0.57), 'detector_version': '2.0.0', 'detection_method': 'atr_directional_change', 'exit_reason': 'stop_loss'}"
2024-07-05T08:00:00+00:00,2024-07-14T20:00:00+00:00,53459.187035,61052.011464642856,SHORT,0.013294248959831704,710.6997416334973,61021.500714285714,45950.35928571429,-14.40303010719522,-102.36229775923125,LOSS,BTCUSDT,4h,QML_ATR_v2.0.0,b87d1a5b,QML_BEARISH,0.1,0.0,,"{'head_price': np.float64(58813.13), 'head_time': '2024-07-04 20:00:00+00:00', 'head_bar_index': 7666, 'left_shoulder_price': np.float64(56771.0), 'left_shoulder_time': '2024-07-04 12:00:00+00:00', 'right_shoulder_price': np.float64(53485.93), 'right_shoulder_time': '2024-07-05 04:00:00+00:00', 'head_depth_atr': np.float64(1.3870836903353754), 'shoulder_diff_pct': np.float64(5.79), 'detector_version': '2.0.0', 'detection_method': 'atr_directional_change', 'exit_reason': 'stop_loss'}"
2024-07-16T08:00:00+00:00,2024-08-04T16:00:00+00:00,65026.446975,57770.46032,LONG,0.010771978855416683,700.4635118575742,57799.36,72188.54,-11.358516253839964,-79.56226184656079,LOSS,BTCUSDT,4h,QML_ATR_v2.0.0,92e0652d,QML_BULLISH,0.1,0.0,,"{'head_price': np.float64(59466.67), 'head_time': '2024-07-14 12:00:00+00:00', 'head_bar_index': 7724, 'left_shoulder_price': np.float64(60400.0), 'left_shoulder_time': '2024-07-14 08:00:00+00:00', 'right_shoulder_price': np.float64(64993.95), 'right_shoulder_time': '2024-07-16 04:00:00+00:00', 'head_depth_atr': np.float64(0.8396728862659035), 'shoulder_diff_pct': np.float64(7.61), 'detector_version': '2.0.0', 'detection_method': 'atr_directional_change', 'exit_reason': 'stop_loss'}"
2024-08-04T20:00:00+00:00,2024-08-05T04:00:00+00:00,57094.208614999996,50157.52801660714,SHORT,0.012129203687586977,692.5072856729181,64113.07821428571,50132.46178571428,11.94953454415765,82.75139732229385,WIN,BTCUSDT,4h,QML_ATR_v2.0.0,2ffe639d,QML_BEARISH,0.1,0.0,,"{'head_price': np.float64(62198.22), 'head_time': '2024-08-03 12:00:00+00:00', 'head_bar_index': 7844, 'left_shoulder_price': np.float64(60505.0), 'left_shoulder_time': '2024-08-03 00:00:00+00:00', 'right_shoulder_price': np.float64(57122.77), 'right_shoulder_time': '2024-08-04 16:00:00+00:00', 'head_depth_atr': np.float64(1.3263801889099218), 'shoulder_diff_pct': np.float64(5.59), 'detector_version': '2.0.0', 'detection_method': 'atr_directional_change', 'exit_reason': 'take_profit'}"
2024-08-09T00:00:00+00:00,2024-10-29T16:00:00+00:00,62776.51257,73162.4005,LONG,0.011163130870382905,700.7824254051475,52291.28,73199.0,16.34422570610154,114.53746131690995,WIN,BTCUSDT,4h,QML_ATR_v2.0.0,f424faed,QML_BULLISH,0.1,0.0,,"{'head_price': np.float64(54558.62), 'head_time': '2024-08-07 20:00:00+00:00', 'head_bar_index': 7870, 'left_shoulder_price': np.float64(57736.05), 'left_shoulder_time': '2024-08-07 08:00:00+00:00', 'right_shoulder_price': np.float64(62745.14), 'right_shoulder_time': '2024-08-08 20:00:00+00:00', 'head_depth_atr': np.float64(2.1020865860435567), 'shoulder_diff_pct': np.float64(8.68), 'detector_version': '2.0.0', 'detection_method': 'atr_directional_change', 'exit_reason': 'take_profit'}"
2024-10-29T20:00:00+00:00,2024-11-01T00:00:00+00:00,73656.93006,69389.74170160714,LONG,0.00966964236707476,712.2361715368385,69424.45392857143,77815.78607142856,-5.993329093293544,-42.68665768167745,LOSS,BTCUSDT,4h,QML_ATR_v2.0.0,3798bb21,QML_BULLISH,0.1,0.0,,"{'head_price': np.float64(70837.83), 'head_time': '2024-10-29 04:00:00+00:00', 'head_bar_index': 8364, 'left_shoulder_price': np.float64(71587.88), 'left_shoulder_time': '2024-10-29 00:00:00+00:00', 'right_shoulder_price': np.float64(73620.12), 'right_shoulder_time': '2024-10-29 16:00:00+00:00', 'head_depth_atr': np.float64(0.7960195610661722), 'shoulder_diff_pct': np.float64(2.84), 'detector_version': '2.0.0', 'detection_method': 'atr_directional_change', 'exit_reason': 'stop_loss'}"
2024-11-01T08:00:00+00:00,2024-11-06T00:00:00+00:00,68795.585,74339.51868375,SHORT,0.0102908857562396,707.9675057686708,74302.3675,63357.63250000001,-8.258560274979835,-58.46792319117702,LOSS,BTCUSDT,4h,QML_ATR_v2.0.0,b6d4be9c,QML_BEARISH,0.1,0.0,,"{'head_price': np.float64(72961.0), 'head_time': '2024-10-30 20:00:00+00:00', 'head_bar_index': 8374, 'left_shoulder_price': np.float64(71436.0), 'left_shoulder_time': '2024-10-30 12:00:00+00:00', 'right_shoulder_price': np.float64(68830.0), 'right_shoulder_time': '2024-11-01 00:00:00+00:00', 'head_depth_atr': np.float64(1.705349205195445), 'shoulder_diff_pct': np.float64(3.65), 'detector_version': '2.0.0', 'detection_method': 'atr_directional_change', 'exit_reason': 'stop_loss'}"
2024-11-06T00:00:00+00:00,2024-11-06T04:00:00+00:00,68752.516545,72725.78329071429,SHORT,0.010212291109227977,702.120713449553,72689.43857142857,64884.38142857143,-5.979085545346828,-41.980398088748245,LOSS,BTCUSDT,4h,QML_ATR_v2.0.0,c0c47b81,QML_BEARISH,0.1,0.0,,"{'head_price': np.float64(70577.91), 'head_time': '2024-11-05 16:00:00+00:00', 'head_bar_index': 8409, 'left_shoulder_price': np.float64(66835.0), 'left_shoulder_time': '2024-11-04 20:00:00+00:00', 'right_shoulder_price': np.float64(68786.91), 'right_shoulder_time': '2024-11-05 20:00:00+00:00', 'head_depth_atr': np.float64(2.658910268119915), 'shoulder_diff_pct': np.float64(2.92), 'detector_version': '2.0.0', 'detection_method': 'atr_directional_change', 'exit_reason': 'stop_loss'}"
2024-11-06T08:00:00+00:00,2024-11-11T16:00:00+00:00,75444.80355000001,84351.05301803572,LONG,0.009250771965734386,697.9226736406782,66420.95035714286,84393.24964285715,11.604987287339426,80.99383755146013,WIN,BTCUSDT,4h,QML_ATR_v2.0.0,e8c29fd1,QML_BULLISH,0.1,0.0,,"{'head_price': np.float64(68786.91), 'head_time': '2024-11-05 20:00:00+00:00', 'head_bar_index': 8410, 'left_shoulder_price': np.float64(70577.91), 'left_shoulder_time': '2024-11-05 16:00:00+00:00', 'right_shoulder_price': np.float64(75407.1), 'right_shoulder_time': '2024-11-06 04:00:00+00:00', 'head_depth_atr': np.float64(1.1354800611711908), 'shoulder_diff_pct': np.float64(6.84), 'detector_version': '2.0.0', 'detection_method': 'atr_directional_change', 'exit_reason': 'take_profit'}"
2024-11-12T00:00:00+00:00,2024-12-05T00:00:00+00:00,89575.30527,101527.97204785714,LONG,0.007881882794233477,706.0220573958243,77482.31857142856,101578.76142857142,13.143707556261331,92.79747450680667,WIN,BTCUSDT,4h,QML_ATR_v2.0.0,65717ba5,QML_BULLISH,0.1,0.0,,"{'head_price': np.float64(80432.0), 'head_time': '2024-11-11 04:00:00+00:00', 'head_bar_index': 8442, 'left_shoulder_price': np.float64(81846.71), 'left_shoulder_time': '2024-11-11 00:00:00+00:00', 'right_shoulder_price': np.float64(89530.54), 'right_shoulder_time': '2024-11-11 20:00:00+00:00', 'head_depth_atr': np.float64(0.7194217583787528), 'shoulder_diff_pct': np.float64(9.39), 'detector_version': '2.0.0', 'detection_method': 'atr_directional_change', 'exit_reason': 'take_profit'}"
2024-12-05T04:00:00+00:00,2024-12-05T20:00:00+00:00,104140.044,91853.56631339286,LONG,0.006868652800324389,715.301804846505,91899.51607142857,116276.48392857143,-11.998033892329769,-85.8221529779302,LOSS,BTCUSDT,4h,QML_ATR_v2.0.0,ee10c8a2,QML_BULLISH,0.1,0.0,,"{'head_price': np.float64(94587.83), 'head_time': '2024-12-04 16:00:00+00:00', 'head_bar_index': 8583, 'left_shoulder_price': np.float64(96950.0), 'left_shoulder_time': '2024-12-04 08:00:00+00:00', 'right_shoulder_price': np.float64(104088.0), 'right_shoulder_time': '2024-12-05 00:00:00+00:00', 'head_depth_atr': np.float64(1.3180212929532689), 'shoulder_diff_pct': np.float64(7.36), 'detector_version': '2.0.0', 'detection_method': 'atr_directional_change', 'exit_reason': 'stop_loss'}"
2024-12-09T00:00:00+00:00,2024-12-09T20:00:00+00:00,101401.6755,96828.50117303571,LONG,0.006969506036896915,706.719589548712,96876.93964285713,105825.06035714287,-4.709959331948406,-33.28620525865703,LOSS,BTCUSDT,4h,QML_ATR_v2.0.0,56e357a3,QML_BULLISH,0.1,0.0,,"{'head_price': np.float64(98657.7), 'head_time': '2024-12-08 08:00:00+00:00', 'head_bar_index': 8605, 'left_shoulder_price': np.float64(101898.99), 'left_shoulder_time': '2024-12-06 20:00:00+00:00', 'right_shoulder_price': np.float64(101351.0), 'right_shoulder_time': '2024-12-08 20:00:00+00:00', 'head_depth_atr': np.float64(2.730257881414626), 'shoulder_diff_pct': np.float64(0.54), 'detector_version': '2.0.0', 'detection_method': 'atr_directional_change', 'exit_reason': 'stop_loss'}"
2024-12-10T00:00:00+00:00,2024-12-15T20:00:00+00:00,94102.974975,103870.739415,SHORT,0.007474694282616608,703.3909690228462,103818.83,84481.27,-10.579867844342822,-74.41783495165949,LOSS,BTCUSDT,4h,QML_ATR_v2.0.0,4292a0a4,QML_BEARISH,0.1,0.0,,"{'head_price': np.float64(101351.0), 'head_time': '2024-12-08 20:00:00+00:00', 'head_bar_index': 8608, 'left_shoulder_price': np.float64(98657.7), 'left_shoulder_time': '2024-12-08 08:00:00+00:00', 'right_shoulder_price': np.float64(94150.05), 'right_shoulder_time': '2024-12-09 20:00:00+00:00', 'head_depth_atr': np.float64(1.637045501513477), 'shoulder_diff_pct': np.float64(4.57), 'detector_version': '2.0.0', 'detection_method': 'atr_directional_change', 'exit_reason': 'stop_loss'}"
2024-12-16T04:00:00+00:00,2024-12-19T00:00:00+00:00,106701.324,99768.6457225,LONG,0.006522404403601217,695.9491855276802,99818.55500000001,113477.44499999999,-6.697274839345001,-46.60962969697179,LOSS,BTCUSDT,4h,QML_ATR_v2.0.0,a420a314,QML_BULLISH,0.1,0.0,,"{'head_price': np.float64(101581.07), 'head_time': '2024-12-15 08:00:00+00:00', 'head_bar_index': 8647, 'left_shoulder_price': np.float64(102850.0), 'left_shoulder_time': '2024-12-15 04:00:00+00:00', 'right_shoulder_price': np.float64(106648.0), 'right_shoulder_time': '2024-12-16 00:00:00+00:00', 'head_depth_atr': np.float64(1.0799312346277856), 'shoulder_diff_pct': np.float64(3.69), 'detector_version': '2.0.0', 'detection_method': 'atr_directional_change', 'exit_reason': 'stop_loss'}"
2024-12-19T04:00:00+00:00,2025-01-13T12:00:00+00:00,98752.599,89726.08776642858,SHORT,0.0070002028256287525,691.2882225579831,107922.75285714286,89681.24714285714,8.940530299938153,61.80483299770037,WIN,BTCUSDT,4h,QML_ATR_v2.0.0,d920650f,QML_BEARISH,0.1,0.0,,"{'head_price': np.float64(105350.0), 'head_time': '2024-12-18 12:00:00+00:00', 'head_bar_index': 8666, 'left_shoulder_price': np.float64(103137.82), 'left_shoulder_time': '2024-12-18 04:00:00+00:00', 'right_shoulder_price': np.float64(98802.0), 'right_shoulder_time': '2024-12-19 00:00:00+00:00', 'head_depth_atr': np.float64(1.2897740996719989), 'shoulder_diff_pct': np.float64(4.2), 'detector_version': '2.0.0', 'detection_method': 'atr_directional_change', 'exit_reason': 'take_profit'}"
2025-01-13T16:00:00+00:00,2025-01-15T12:00:00+00:00,89212.061655,97919.86725160715,SHORT,0.007818098729239071,697.4687058577531,97870.93178571429,80642.44821428572,-9.960794039579417,-69.47342128101076,LOSS,BTCUSDT,4h,QML_ATR_v2.0.0,d8871ab2,QML_BEARISH,0.1,0.0,,"{'head_price': np.float64(95940.0), 'head_time': '2025-01-13 00:00:00+00:00', 'head_bar_index': 8819, 'left_shoulder_price': np.float64(93800.0), 'left_shoulder_time': '2025-01-12 20:00:00+00:00', 'right_shoulder_price': np.float64(89256.69), 'right_shoulder_time': '2025-01-13 12:00:00+00:00', 'head_depth_atr': np.float64(1.6624098395130837), 'shoulder_diff_pct': np.float64(4.84), 'detector_version': '2.0.0', 'detection_method': 'atr_directional_change', 'exit_reason': 'stop_loss'}"
2025-01-16T04:00:00+00:00,2025-01-20T04:00:00+00:00,100917.09333,108403.45544357145,LONG,0.00684246187582553,690.521363729652,93275.6357142857,108457.6842857143,7.2183291120870505,49.84410462327798,WIN,BTCUSDT,4h,QML_ATR_v2.0.0,fdd22a67,QML_BULLISH,0.1,0.0,,"{'head_price': np.float64(95351.76), 'head_time': '2025-01-14 16:00:00+00:00', 'head_bar_index': 8829, 'left_shoulder_price': np.float64(97371.0), 'left_shoulder_time': '2025-01-14 08:00:00+00:00', 'right_shoulder_price': np.float64(100866.66), 'right_shoulder_time': '2025-01-16 00:00:00+00:00', 'head_depth_atr': np.float64(1.4589010979937218), 'shoulder_diff_pct': np.float64(3.59), 'detector_version': '2.0.0', 'detection_method': 'atr_directional_change', 'exit_reason': 'take_profit'}"
2025-01-20T04:00:00+00:00,2025-02-25T04:00:00+00:00,99500.225,89028.2829669643,SHORT,0.006989991974309403,695.5057741919799,110116.20892857142,88983.79107142858,10.324541058108874,71.80777921796896,WIN,BTCUSDT,4h,QML_ATR_v2.0.0,9e65364b,QML_BEARISH,0.1,0.0,,"{'head_price': np.float64(106422.43), 'head_time': '2025-01-19 20:00:00+00:00', 'head_bar_index': 8860, 'left_shoulder_price': np.float64(103450.69), 'left_shoulder_time': '2025-01-19 08:00:00+00:00', 'right_shoulder_price': np.float64(99550.0), 'right_shoulder_time': '2025-01-20 00:00:00+00:00', 'head_depth_atr': np.float64(1.2067885182625075), 'shoulder_diff_pct': np.float64(3.77), 'detector_version': '2.0.0', 'detection_method': 'atr_directional_change', 'exit_reason': 'take_profit'}"
2025-02-25T16:00:00+00:00,2025-05-08T00:00:00+00:00,86007.96450500001,99052.95708482142,SHORT,0.008170017232217216,702.6865521137768,99003.45535714286,73098.52464285716,-15.367191381517985,-107.9831872755142,LOSS,BTCUSDT,4h,QML_ATR_v2.0.0,f5232289,QML_BEARISH,0.1,0.0,,"{'head_price': np.float64(96177.18), 'head_time': '2025-02-24 08:00:00+00:00', 'head_bar_index': 9073, 'left_shoulder_price': np.float64(95078.01), 'left_shoulder_time': '2025-02-24 04:00:00+00:00', 'right_shoulder_price': np.float64(86050.99), 'right_shoulder_time': '2025-02-25 12:00:00+00:00', 'head_depth_atr': np.float64(0.5833667253380292), 'shoulder_diff_pct': np.float64(9.49), 'detector_version': '2.0.0', 'detection_method': 'atr_directional_change', 'exit_reason': 'stop_loss'}"
2025-05-09T00:00:00+00:00,2025-07-10T20:00:00+00:00,104197.83288,114512.90383410713,LONG,0.0066401403394161,691.8882333862254,93721.33107142858,114570.18892857141,9.699506226762445,67.1097422795336,WIN,BTCUSDT,4h,QML_ATR_v2.0.0,88bd33a5,QML_BULLISH,0.1,0.0,,"{'head_price': np.float64(95784.61), 'head_time': '2025-05-07 16:00:00+00:00', 'head_bar_index': 9507, 'left_shoulder_price': np.float64(97478.27), 'left_shoulder_time': '2025-05-07 12:00:00+00:00', 'right_shoulder_price': np.float64(104145.76), 'right_shoulder_time': '2025-05-08 20:00:00+00:00', 'head_depth_atr': np.float64(1.231287716275467), 'shoulder_diff_pct': np.float64(6.84), 'detector_version': '2.0.0', 'detection_method': 'atr_directional_change', 'exit_reason': 'take_profit'}"
2025-07-11T12:00:00+00:00,2025-08-29T12:00:00+00:00,118929.41498999999,108150.83860089286,LONG,0.005874065786608969,698.5992076141788,108204.94107142858,129535.01892857142,-9.263002950122496,-64.71126521083377,LOSS,BTCUSDT,4h,QML_ATR_v2.0.0,0b74ad6b,QML_BULLISH,0.1,0.0,,"{'head_price': np.float64(110500.0), 'head_time': '2025-07-10 12:00:00+00:00', 'head_bar_index': 9890, 'left_shoulder_price': np.float64(111581.0), 'left_shoulder_time': '2025-07-10 00:00:00+00:00', 'right_shoulder_price': np.float64(118869.98), 'right_shoulder_time': '2025-07-11 08:00:00+00:00', 'head_depth_atr': np.float64(0.7065178064988994), 'shoulder_diff_pct': np.float64(6.53), 'detector_version': '2.0.0', 'detection_method': 'atr_directional_change', 'exit_reason': 'stop_loss'}"
2025-08-30T04:00:00+00:00,2025-09-11T20:00:00+00:00,107296.42495,115408.68407571428,SHORT,0.006450616424691001,692.1280810930954,115351.00857142857,99349.19142857144,-7.7606052387063045,-53.71332811986818,LOSS,BTCUSDT,4h,QML_ATR_v2.0.0,1e5e1c5a,QML_BEARISH,0.1,0.0,,"{'head_price': np.float64(113485.9), 'head_time': '2025-08-28 12:00:00+00:00', 'head_bar_index': 10184, 'left_shoulder_price': np.float64(110862.42), 'left_shoulder_time': '2025-08-28 00:00:00+00:00', 'right_shoulder_price': np.float64(107350.1), 'right_shoulder_time': '2025-08-30 00:00:00+00:00', 'head_depth_atr': np.float64(2.109914704314417), 'shoulder_diff_pct': np.float64(3.17), 'detector_version': '2.0.0', 'detection_method': 'atr_directional_change', 'exit_reason': 'stop_loss'}"
2025-09-12T04:00:00+00:00,2025-09-23T00:00:00+00:00,116389.975905,111741.66550357142,LONG,0.005900480199786742,686.7567482811086,111797.56428571428,120866.05571428571,-4.1937377469883055,-28.80077698265431,LOSS,BTCUSDT,4h,QML_ATR_v2.0.0,7bd24ea7,QML_BULLISH,0.1,0.0,,"{'head_price': np.float64(113155.03), 'head_time': '2025-09-10 16:00:00+00:00', 'head_bar_index': 10263, 'left_shoulder_price': np.float64(114313.13), 'left_shoulder_time': '2025-09-10 12:00:00+00:00', 'right_shoulder_price': np.float64(116331.81), 'right_shoulder_time': '2025-09-12 00:00:00+00:00', 'head_depth_atr': np.float64(1.2797008290659333), 'shoulder_diff_pct': np.float64(1.77), 'detector_version': '2.0.0', 'detection_method': 'atr_directional_change', 'exit_reason': 'stop_loss'}"
2025-09-23T00:00:00+00:00,2025-09-25T12:00:00+00:00,113033.898705,110618.70155214285,LONG,0.0060501909464137785,683.8766705828431,110674.03857142857,115280.78142857144,-2.336701627146751,-15.980157289186321,LOSS,BTCUSDT,4h,QML_ATR_v2.0.0,79582472,QML_BULLISH,0.1,0.0,,"{'head_price': np.float64(111936.4), 'head_time': '2025-09-22 16:00:00+00:00', 'head_bar_index': 10335, 'left_shoulder_price': np.float64(113432.76), 'left_shoulder_time': '2025-09-22 12:00:00+00:00', 'right_shoulder_price': np.float64(112977.41), 'right_shoulder_time': '2025-09-22 20:00:00+00:00', 'head_depth_atr': np.float64(1.7780486231586419), 'shoulder_diff_pct': np.float64(0.4), 'detector_version': '2.0.0', 'detection_method': 'atr_directional_change', 'exit_reason': 'stop_loss'}"
2025-09-26T00:00:00+00:00,2025-10-01T08:00:00+00:00,108577.19424499999,115695.70001196428,SHORT,0.006283811804110452,682.2786548539244,115637.88107142856,101625.13892857142,-6.756170304881583,-46.095907875786345,LOSS,BTCUSDT,4h,QML_ATR_v2.0.0,73640f98,QML_BEARISH,0.1,0.0,,"{'head_price': np.float64(113940.0), 'head_time': '2025-09-24 16:00:00+00:00', 'head_bar_index': 10347, 'left_shoulder_price': np.float64(111042.66), 'left_shoulder_time': '2025-09-24 04:00:00+00:00', 'right_shoulder_price': np.float64(108631.51), 'right_shoulder_time': '2025-09-25 16:00:00+00:00', 'head_depth_atr': np.float64(2.559666912561394), 'shoulder_diff_pct': np.float64(2.17), 'detector_version': '2.0.0', 'detection_method': 'atr_directional_change', 'exit_reason': 'stop_loss'}"
2025-10-02T04:00:00+00:00,2025-10-10T20:00:00+00:00,119516.64846,110922.44817428572,LONG,0.0056700808866234995,677.6690640663459,110977.93714285715,127935.90285714285,-7.390797597198853,-50.085148903975444,LOSS,BTCUSDT,4h,QML_ATR_v2.0.0,03bed9ab,QML_BULLISH,0.1,0.0,,"{'head_price': np.float64(112656.27), 'head_time': '2025-09-30 08:00:00+00:00', 'head_bar_index': 10381, 'left_shoulder_price': np.float64(114792.0), 'left_shoulder_time': '2025-09-30 00:00:00+00:00', 'right_shoulder_price': np.float64(119456.92), 'right_shoulder_time': '2025-10-02 00:00:00+00:00', 'head_depth_atr': np.float64(1.9087959735553885), 'shoulder_diff_pct': np.float64(4.06), 'detector_version': '2.0.0', 'detection_method': 'atr_directional_change', 'exit_reason': 'stop_loss'}"
2025-10-13T08:00:00+00:00,2025-10-17T04:00:00+00:00,116021.79190499999,107024.34784232143,LONG,0.005797708672925261,672.6605491759483,107077.88678571428,124849.73321428572,-7.954960438850814,-53.50988057470331,LOSS,BTCUSDT,4h,QML_ATR_v2.0.0,7939de57,QML_BULLISH,0.1,0.0,,"{'head_price': np.float64(109561.59), 'head_time': '2025-10-11 20:00:00+00:00', 'head_bar_index': 10450, 'left_shoulder_price': np.float64(113322.39), 'left_shoulder_time': '2025-10-11 00:00:00+00:00', 'right_shoulder_price': np.float64(115963.81), 'right_shoulder_time': '2025-10-13 00:00:00+00:00', 'head_depth_atr': np.float64(2.271285863606032), 'shoulder_diff_pct': np.float64(2.33), 'detector_version': '2.0.0', 'detection_method': 'atr_directional_change', 'exit_reason': 'stop_loss'}"
2025-10-17T12:00:00+00:00,2025-10-21T12:00:00+00:00,103476.465885,112269.0914925,SHORT,0.0064489017421613705,667.3095611184781,112212.985,94843.47499999999,-8.69722256389371,-58.03739772061636,LOSS,BTCUSDT,4h,QML_ATR_v2.0.0,b9115fea,QML_BEARISH,0.1,0.0,,"{'head_price': np.float64(109240.0), 'head_time': '2025-10-17 00:00:00+00:00', 'head_bar_index': 10481, 'left_shoulder_price': np.float64(107427.0), 'left_shoulder_time': '2025-10-16 20:00:00+00:00', 'right_shoulder_price': np.float64(103528.23), 'right_shoulder_time': '2025-10-17 08:00:00+00:00', 'head_depth_atr': np.float64(0.9147372085631108), 'shoulder_diff_pct': np.float64(3.63), 'detector_version': '2.0.0', 'detection_method': 'atr_directional_change', 'exit_reason': 'stop_loss'}"
2025-10-21T12:00:00+00:00,2025-10-21T16:00:00+00:00,107419.98314,113961.49620053571,SHORT,0.006158126281627495,661.5058213464164,113904.54392857142,101042.89607142858,-6.289661224401969,-41.60647514238731,LOSS,BTCUSDT,4h,QML_ATR_v2.0.0,96d38b28,QML_BEARISH,0.1,0.0,,"{'head_price': np.float64(111272.0), 'head_time': '2025-10-20 20:00:00+00:00', 'head_bar_index': 10504, 'left_shoulder_price': np.float64(109855.83), 'left_shoulder_time': '2025-10-20 16:00:00+00:00', 'right_shoulder_price': np.float64(107473.72), 'right_shoulder_time': '2025-10-21 04:00:00+00:00', 'head_depth_atr': np.float64(0.8069210078301501), 'shoulder_diff_pct': np.float64(2.17), 'detector_version': '2.0.0', 'detection_method': 'atr_directional_change', 'exit_reason': 'stop_loss'}"
2025-10-21T20:00:00+00:00,2025-11-04T04:00:00+00:00,114057.0,104466.68338571429,LONG,0.005763304083328316,657.3451738321777,104518.94285714286,123481.05714285714,-8.608354256455724,-56.586601251188554,LOSS,BTCUSDT,4h,QML_ATR_v2.0.0,125ee537,QML_BULLISH,0.1,0.0,,"{'head_price': np.float64(107473.72), 'head_time': '2025-10-21 04:00:00+00:00', 'head_bar_index': 10506, 'left_shoulder_price': np.float64(111272.0), 'left_shoulder_time': '2025-10-20 20:00:00+00:00', 'right_shoulder_price': np.float64(114000.0), 'right_shoulder_time': '2025-10-21 16:00:00+00:00', 'head_depth_atr': np.float64(1.9282063331824877), 'shoulder_diff_pct': np.float64(2.45), 'detector_version': '2.0.0', 'detection_method': 'atr_directional_change', 'exit_reason': 'stop_loss'}"
2025-11-05T00:00:00+00:00,2025-11-20T16:00:00+00:00,98894.88782,87376.24879125001,SHORT,0.006589688588283782,651.6865137070588,110556.1375,87332.5825,11.447355371609538,74.60087113289993,WIN,BTCUSDT,4h,QML_ATR_v2.0.0,3cbf5485,QML_BEARISH,0.1,0.0,,"{'head_price': np.float64(107299.0), 'head_time': '2025-11-04 04:00:00+00:00', 'head_bar_index': 10590, 'left_shoulder_price': np.float64(105306.56), 'left_shoulder_time': '2025-11-03 16:00:00+00:00', 'right_shoulder_price': np.float64(98944.36), 'right_shoulder_time': '2025-11-04 20:00:00+00:00', 'head_depth_atr': np.float64(0.9175725617969779), 'shoulder_diff_pct': np.float64(6.04), 'detector_version': '2.0.0', 'detection_method': 'atr_directional_change', 'exit_reason': 'take_profit'}"
2025-11-20T20:00:00+00:00,2026-01-03T00:00:00+00:00,86056.95,90193.074,SHORT,0.007659423217071356,659.1466008203488,95945.79142857142,76254.20857142858,-5.006263759057225,-32.998617395926715,LOSS,BTCUSDT,4h,QML_ATR_v2.0.0,daa75fc3,QML_BEARISH,0.1,0.0,,"{'head_price': np.float64(93160.0), 'head_time': '2025-11-20 04:00:00+00:00', 'head_bar_index': 10686, 'left_shoulder_price': np.float64(88608.0), 'left_shoulder_time': '2025-11-19 20:00:00+00:00', 'right_shoulder_price': np.float64(86100.0), 'right_shoulder_time': '2025-11-20 16:00:00+00:00', 'head_depth_atr': np.float64(2.4510090489801835), 'shoulder_diff_pct': np.float64(2.83), 'detector_version': '2.0.0', 'detection_method': 'atr_directional_change', 'exit_reason': 'end_of_data'}"
